game_id,stadium_code,sports_type,game_date,day_of_week,is_holiday,start_time,home_team_win,audience,region,accident_count,injury_count,death_count,temperature,precipitation,snow_depth,start_hour,match_정규시즌,match_포스트시즌
2500,GY01,농구,2023-01-01,일,1,0 days 14:00:00,0,2094.0,경기 고양시,0.0,0.0,0.0,3.3,0.0,0.0,14,True,False
2501,SO06,농구,2023-01-01,일,1,0 days 14:00:00,0,2225.0,서울 송파구,5.0,5.0,0.0,3.8,0.0,0.0,14,True,False
2502,CW02,농구,2023-01-01,일,1,0 days 16:00:00,0,2611.0,경남 창원시,0.0,0.0,0.0,6.7,0.0,0.0,16,True,False
2503,WJ01,농구,2023-01-02,월,0,0 days 19:00:00,0,2926.0,강원 원주시,8.0,15.0,0.0,-2.2,0.0,5.7,19,True,False
2504,GS01,농구,2023-01-03,화,0,0 days 19:00:00,1,2084.0,전북 군산시,2.0,2.0,0.0,-1.2,0.0,5.3,19,True,False
2505,SO07,농구,2023-01-04,수,0,0 days 19:00:00,1,2744.0,서울 송파구,10.0,13.0,0.0,-0.3,0.0,0.0,19,True,False
2506,GY01,농구,2023-01-05,목,0,0 days 19:00:00,1,2336.0,경기 고양시,0.0,0.0,0.0,-1.3,0.0,0.0,19,True,False
2507,SO06,농구,2023-01-05,목,0,0 days 19:00:00,0,2005.0,서울 송파구,8.0,9.0,0.0,-0.1,0.0,0.0,19,True,False
2508,GS01,농구,2023-01-06,금,0,0 days 19:00:00,0,2675.0,전북 군산시,7.0,13.0,0.0,4.8,0.0,2.1,19,True,False
2509,AY01,농구,2023-01-06,금,0,0 days 19:00:00,0,2729.0,경기 안양시,0.0,0.0,0.0,4.9,0.0,0.0,19,True,False
2510,US04,농구,2023-01-07,토,1,0 days 14:00:00,0,2685.0,울산 중구,2.0,3.0,0.0,8.0,0.0,0.0,14,True,False
2511,CW02,농구,2023-01-07,토,1,0 days 14:00:00,0,2342.0,경남 창원시,0.0,0.0,0.0,8.0,0.0,0.0,14,True,False
2512,DG04,농구,2023-01-07,토,1,0 days 16:00:00,1,2247.0,대구 동구,2.0,7.0,0.0,7.2,0.0,0.0,16,True,False
2513,US04,농구,2023-01-08,일,1,0 days 14:00:00,1,2913.0,울산 중구,2.0,3.0,0.0,11.3,0.0,0.0,14,True,False
2514,AY01,농구,2023-01-08,일,1,0 days 14:00:00,1,2356.0,경기 안양시,0.0,0.0,0.0,5.0,0.0,0.0,14,True,False
2515,SO06,농구,2023-01-08,일,1,0 days 16:00:00,0,2657.0,서울 송파구,4.0,4.0,0.0,5.7,0.0,0.0,16,True,False
2516,GY01,농구,2023-01-09,월,0,0 days 19:00:00,1,2132.0,경기 고양시,0.0,0.0,0.0,0.1,0.0,0.0,19,True,False
2517,SU04,농구,2023-01-10,화,0,0 days 19:00:00,0,2150.0,경기 수원시,15.0,21.0,0.0,1.7,0.0,0.0,19,True,False
2518,SO07,농구,2023-01-10,화,0,0 days 19:00:00,0,2603.0,서울 송파구,5.0,9.0,0.0,4.2,0.0,0.0,19,True,False
2519,US04,농구,2023-01-11,수,0,0 days 19:00:00,1,2405.0,울산 중구,3.0,4.0,1.0,8.8,0.0,0.0,19,True,False
2520,SU04,농구,2023-01-15,일,1,0 days 14:00:00,0,4072.0,경기 수원시,5.0,8.0,0.0,-1.9,0.0,0.8,14,False,True
2521,WJ01,농구,2023-01-17,화,0,0 days 19:00:00,0,2897.0,강원 원주시,2.0,4.0,0.0,-1.8,0.0,0.0,19,True,False
2522,GY01,농구,2023-01-19,목,0,0 days 19:00:00,1,2394.0,경기 고양시,0.0,0.0,0.0,3.3,0.0,0.0,19,True,False
2523,SO06,농구,2023-01-19,목,0,0 days 19:00:00,0,2766.0,서울 송파구,8.0,12.0,0.0,3.4,0.0,0.0,19,True,False
2524,CW02,농구,2023-01-20,금,0,0 days 19:00:00,1,2326.0,경남 창원시,0.0,0.0,0.0,0.5,0.0,0.0,19,True,False
2525,US04,농구,2023-01-20,금,0,0 days 19:00:00,1,2038.0,울산 중구,3.0,4.0,0.0,0.0,0.0,0.0,19,True,False
2526,SU04,농구,2023-01-21,토,1,0 days 14:00:00,0,2067.0,경기 수원시,11.0,15.0,0.0,0.4,0.0,0.0,14,True,False
2527,GY01,농구,2023-01-21,토,1,0 days 14:00:00,1,2648.0,경기 고양시,0.0,0.0,0.0,-0.3,0.0,0.0,14,True,False
2528,SO06,농구,2023-01-21,토,1,0 days 16:00:00,0,2876.0,서울 송파구,6.0,11.0,0.0,1.2,0.0,0.0,16,True,False
2529,DG04,농구,2023-01-22,일,1,0 days 14:00:00,0,2673.0,대구 동구,3.0,6.0,0.0,3.3,0.0,0.0,14,True,False
2530,CW02,농구,2023-01-22,일,1,0 days 14:00:00,1,2890.0,경남 창원시,0.0,0.0,0.0,3.2,0.0,0.0,14,True,False
2531,AY01,농구,2023-01-22,일,1,0 days 16:00:00,1,2262.0,경기 안양시,0.0,0.0,0.0,3.2,0.0,0.0,16,True,False
2532,WJ01,농구,2023-01-23,월,1,0 days 14:00:00,1,2408.0,강원 원주시,7.0,12.0,0.0,5.1,0.0,0.0,14,True,False
2533,SO07,농구,2023-01-23,월,1,0 days 16:00:00,1,2075.0,서울 송파구,3.0,8.0,0.0,2.6,0.0,0.0,16,True,False
2534,US04,농구,2023-01-24,화,1,0 days 14:00:00,1,2169.0,울산 중구,1.0,1.0,0.0,-7.6,0.0,0.0,14,True,False
2535,JJ02,농구,2023-01-24,화,1,0 days 16:00:00,0,2309.0,전북 전주시,0.0,0.0,0.0,-8.2,0.0,0.0,16,True,False
2536,WJ01,농구,2023-01-26,목,0,0 days 19:00:00,1,2628.0,강원 원주시,3.0,7.0,0.0,-4.3,0.0,0.0,19,True,False
2537,SO06,농구,2023-01-27,금,0,0 days 19:00:00,0,2739.0,서울 송파구,9.0,15.0,0.0,-7.4,0.0,0.0,19,True,False
2538,SU04,농구,2023-01-27,금,0,0 days 19:00:00,1,2029.0,경기 수원시,13.0,20.0,0.0,-6.7,0.0,0.3,19,True,False
2539,SO07,농구,2023-01-28,토,1,0 days 14:00:00,1,2472.0,서울 송파구,8.0,14.0,0.0,-1.6,0.0,0.0,14,True,False
2540,CW02,농구,2023-01-28,토,1,0 days 14:00:00,1,2190.0,경남 창원시,0.0,0.0,0.0,1.0,0.0,0.0,14,True,False
2541,WJ01,농구,2023-01-28,토,1,0 days 16:00:00,1,2399.0,강원 원주시,1.0,6.0,0.0,-1.5,0.0,0.0,16,True,False
2542,SU04,농구,2023-01-29,일,1,0 days 14:00:00,0,2862.0,경기 수원시,10.0,12.0,0.0,4.0,0.0,0.0,14,True,False
2543,AY01,농구,2023-01-29,일,1,0 days 14:00:00,1,2744.0,경기 안양시,0.0,0.0,0.0,3.5,0.0,0.0,14,True,False
2544,US04,농구,2023-01-29,일,1,0 days 16:00:00,1,2122.0,울산 중구,0.0,0.0,0.0,6.2,0.0,0.0,16,True,False
2546,SU04,농구,2023-01-31,화,0,0 days 19:00:00,1,2524.0,경기 수원시,23.0,42.0,0.0,6.3,0.0,0.0,19,True,False
2547,JJ02,농구,2023-01-31,화,0,0 days 19:00:00,0,2167.0,전북 전주시,10.0,10.0,0.0,7.8,0.0,0.0,19,True,False
2548,SO07,농구,2023-02-01,수,0,0 days 19:00:00,0,2558.0,서울 송파구,8.0,9.0,0.0,-0.4,0.0,0.0,19,True,False
2550,SO06,농구,2023-02-02,목,0,0 days 19:00:00,1,2250.0,서울 송파구,3.0,3.0,0.0,-1.3,0.0,0.0,19,True,False
2551,CW02,농구,2023-02-03,금,0,0 days 19:00:00,1,2361.0,경남 창원시,0.0,0.0,0.0,4.9,0.0,0.0,19,True,False
2552,AY01,농구,2023-02-04,토,1,0 days 14:00:00,1,2030.0,경기 안양시,0.0,0.0,0.0,3.3,0.0,0.0,14,True,False
2553,US04,농구,2023-02-04,토,1,0 days 14:00:00,0,2493.0,울산 중구,1.0,1.0,0.0,5.8,0.0,0.0,14,True,False
2554,DG04,농구,2023-02-04,토,1,0 days 16:00:00,0,2540.0,대구 동구,2.0,2.0,0.0,6.6,0.0,0.0,16,True,False
2555,US04,농구,2023-02-05,일,1,0 days 14:00:00,1,2995.0,울산 중구,0.0,0.0,0.0,10.1,0.0,0.0,14,True,False
2556,JJ02,농구,2023-02-05,일,1,0 days 14:00:00,1,2415.0,전북 전주시,4.0,8.0,0.0,7.9,0.0,0.0,14,True,False
2557,SO07,농구,2023-02-05,일,1,0 days 16:00:00,1,2537.0,서울 송파구,3.0,3.0,0.0,6.4,0.0,0.0,16,True,False
2558,SU04,농구,2023-02-06,월,0,0 days 19:00:00,0,2960.0,경기 수원시,8.0,8.0,0.0,5.2,0.0,0.0,19,True,False
2559,SO07,농구,2023-02-07,화,0,0 days 19:00:00,1,2901.0,서울 송파구,10.0,19.0,0.0,5.2,0.0,0.0,19,True,False
2560,DG04,농구,2023-02-08,수,0,0 days 19:00:00,0,2174.0,대구 동구,4.0,6.0,0.0,7.8,0.0,0.0,19,True,False
2561,AY01,농구,2023-02-09,목,0,0 days 19:00:00,1,2089.0,경기 안양시,0.0,0.0,0.0,9.1,0.0,0.0,19,True,False
2562,JJ02,농구,2023-02-09,목,0,0 days 19:00:00,0,2041.0,전북 전주시,7.0,13.0,0.0,9.6,0.0,0.0,19,True,False
2563,CW02,농구,2023-02-10,금,0,0 days 19:00:00,1,2525.0,경남 창원시,0.0,0.0,0.0,5.8,0.0,0.0,19,True,False
2565,SO07,농구,2023-02-11,토,1,0 days 14:00:00,1,2375.0,서울 송파구,7.0,9.0,0.0,8.2,0.0,0.0,14,True,False
2566,AY01,농구,2023-02-11,토,1,0 days 16:00:00,1,2811.0,경기 안양시,0.0,0.0,0.0,7.5,0.0,0.0,16,True,False
2567,SO07,농구,2023-02-12,일,1,0 days 14:00:00,0,2346.0,서울 송파구,2.0,4.0,0.0,7.2,0.0,0.0,14,True,False
2568,SU04,농구,2023-02-12,일,1,0 days 14:00:00,1,2586.0,경기 수원시,10.0,16.0,0.0,6.9,0.0,0.0,14,True,False
2569,DG04,농구,2023-02-12,일,1,0 days 16:00:00,0,2211.0,대구 동구,8.0,14.0,0.0,9.1,0.0,0.0,16,True,False
2570,SO06,농구,2023-02-13,월,0,0 days 19:00:00,1,2188.0,서울 송파구,3.0,5.0,0.0,6.5,0.0,0.0,19,True,False
2571,SO07,농구,2023-02-14,화,0,0 days 19:00:00,1,2667.0,서울 송파구,9.0,11.0,0.0,3.6,0.0,0.0,19,True,False
2572,AY01,농구,2023-02-15,수,0,0 days 19:00:00,1,2727.0,경기 안양시,0.0,0.0,0.0,5.8,0.0,0.0,19,True,False
2573,DG04,농구,2023-02-16,목,0,0 days 19:00:00,0,2956.0,대구 동구,3.0,5.0,0.0,7.4,0.0,0.0,19,True,False
2574,SO06,농구,2023-02-16,목,0,0 days 19:00:00,0,2028.0,서울 송파구,3.0,3.0,0.0,1.9,0.0,0.0,19,True,False
2575,CW02,농구,2023-02-17,금,0,0 days 19:00:00,1,2627.0,경남 창원시,0.0,0.0,0.0,6.9,0.0,0.0,19,True,False
2576,AY01,농구,2023-02-17,금,0,0 days 19:00:00,1,2658.0,경기 안양시,0.0,0.0,0.0,6.6,0.0,0.0,19,True,False
2577,WJ01,농구,2023-02-18,토,1,0 days 14:00:00,0,2644.0,강원 원주시,1.0,2.0,0.0,7.4,0.0,0.0,14,True,False
2578,SO06,농구,2023-02-18,토,1,0 days 14:00:00,0,2075.0,서울 송파구,8.0,16.0,0.0,7.8,0.0,0.0,14,True,False
2579,US04,농구,2023-02-18,토,1,0 days 16:00:00,1,2980.0,울산 중구,1.0,2.0,0.0,9.4,0.0,0.0,16,True,False
2580,GY01,농구,2023-02-19,일,1,0 days 14:00:00,1,2761.0,경기 고양시,0.0,0.0,0.0,6.8,0.0,0.0,14,True,False
2581,DG04,농구,2023-02-19,일,1,0 days 14:00:00,1,2925.0,대구 동구,3.0,6.0,0.0,10.6,0.0,0.0,14,True,False
2582,SO07,농구,2023-02-19,일,1,0 days 16:00:00,1,2801.0,서울 송파구,3.0,6.0,0.0,5.9,0.0,0.0,16,True,False
2583,JJ02,농구,2023-02-23,목,0,0 days 19:00:00,1,2901.0,전북 전주시,5.0,7.0,0.0,4.2,0.0,0.0,19,True,False
2584,WJ01,농구,2023-02-25,토,1,0 days 14:00:00,0,2337.0,강원 원주시,4.0,4.0,0.0,5.1,0.0,0.0,14,True,False
2585,AY01,농구,2023-02-26,일,1,0 days 14:00:00,1,2376.0,경기 안양시,0.0,0.0,0.0,6.9,0.0,0.0,14,True,False
2586,JJ02,농구,2023-03-01,수,1,0 days 14:00:00,1,2933.0,전북 전주시,7.0,13.0,1.0,10.6,0.0,0.0,14,True,False
2587,DG04,농구,2023-03-01,수,1,0 days 14:00:00,1,2875.0,대구 동구,4.0,4.0,0.0,12.6,0.0,0.0,14,True,False
2588,SU04,농구,2023-03-01,수,1,0 days 16:00:00,1,2015.0,경기 수원시,13.0,19.0,0.0,8.0,0.0,0.0,16,True,False
2589,US04,농구,2023-03-02,목,0,0 days 19:00:00,0,2644.0,울산 중구,1.0,1.0,0.0,4.8,0.0,0.0,19,True,False
2590,WJ01,농구,2023-03-04,토,1,0 days 14:00:00,1,2361.0,강원 원주시,5.0,9.0,0.0,12.4,0.0,0.0,14,True,False
2591,GY01,농구,2023-03-04,토,1,0 days 14:00:00,1,2133.0,경기 고양시,0.0,0.0,0.0,14.3,0.0,0.0,14,True,False
2592,SO06,농구,2023-03-04,토,1,0 days 16:00:00,0,2975.0,서울 송파구,6.0,8.0,0.0,13.8,0.0,0.0,16,True,False
2593,CW02,농구,2023-03-04,토,1,0 days 16:00:00,1,2705.0,경남 창원시,0.0,0.0,0.0,12.6,0.0,0.0,16,True,False
2594,WJ01,농구,2023-03-07,화,0,0 days 19:00:00,0,2164.0,강원 원주시,1.0,1.0,0.0,16.5,0.0,0.0,19,True,False
2595,SO07,농구,2023-03-08,수,0,0 days 19:00:00,1,2900.0,서울 송파구,7.0,8.0,0.0,14.9,0.0,0.0,19,True,False
2596,JJ02,농구,2023-03-09,목,0,0 days 19:00:00,0,2339.0,전북 전주시,3.0,4.0,0.0,11.1,0.0,0.0,19,True,False
2597,DG04,농구,2023-03-09,목,0,0 days 19:00:00,1,2019.0,대구 동구,4.0,5.0,0.0,20.2,0.0,0.0,19,True,False
2598,US04,농구,2023-03-10,금,0,0 days 19:00:00,0,2221.0,울산 중구,1.0,1.0,0.0,12.8,0.0,0.0,19,True,False
2599,SO06,농구,2023-03-10,금,0,0 days 19:00:00,1,2764.0,서울 송파구,15.0,21.0,0.0,17.8,0.0,0.0,19,True,False
2600,GY01,농구,2023-03-11,토,1,0 days 15:00:00,1,2690.0,경기 고양시,0.0,0.0,0.0,21.8,0.0,0.0,15,True,False
2601,JJ02,농구,2023-03-11,토,1,0 days 15:00:00,1,2671.0,전북 전주시,11.0,20.0,0.0,24.4,0.0,0.0,15,True,False
2602,DG04,농구,2023-03-11,토,1,0 days 17:00:00,0,2066.0,대구 동구,2.0,3.0,0.0,23.7,0.0,0.0,17,True,False
2603,JJ02,농구,2023-03-12,일,1,0 days 15:00:00,1,2188.0,전북 전주시,1.0,2.0,0.0,6.3,3.4,0.0,15,True,False
2604,SO07,농구,2023-03-12,일,1,0 days 15:00:00,1,2028.0,서울 송파구,1.0,1.0,0.0,6.4,0.9,0.0,15,True,False
2605,WJ01,농구,2023-03-12,일,1,0 days 17:00:00,0,2159.0,강원 원주시,5.0,5.0,0.0,6.1,0.0,0.0,17,True,False
2606,SU04,농구,2023-03-13,월,0,0 days 19:00:00,0,2317.0,경기 수원시,14.0,18.0,0.0,4.8,0.0,0.0,19,True,False
2607,US04,농구,2023-03-14,화,0,0 days 19:00:00,1,2000.0,울산 중구,4.0,9.0,0.0,12.2,0.0,0.0,19,True,False
2608,GY01,농구,2023-03-15,수,0,0 days 19:00:00,0,2678.0,경기 고양시,0.0,0.0,0.0,7.8,0.0,0.0,19,True,False
2609,SO06,농구,2023-03-16,목,0,0 days 19:00:00,0,2315.0,서울 송파구,10.0,10.0,0.0,5.7,0.0,0.0,19,True,False
2610,AY01,농구,2023-03-16,목,0,0 days 19:00:00,0,2062.0,경기 안양시,0.0,0.0,0.0,5.6,0.0,0.0,19,True,False
2611,DG04,농구,2023-03-17,금,0,0 days 19:00:00,0,2333.0,대구 동구,2.0,3.0,0.0,9.9,0.0,0.0,19,True,False
2612,US04,농구,2023-03-17,금,0,0 days 19:00:00,1,2916.0,울산 중구,1.0,2.0,0.0,8.6,0.0,0.0,19,True,False
2613,SO06,농구,2023-03-18,토,1,0 days 15:00:00,0,2643.0,서울 송파구,6.0,7.0,0.0,13.5,0.0,0.0,15,True,False
2614,WJ01,농구,2023-03-18,토,1,0 days 17:00:00,1,2434.0,강원 원주시,1.0,1.0,0.0,13.9,0.0,0.0,17,True,False
2615,AY01,농구,2023-03-18,토,1,0 days 17:00:00,1,2839.0,경기 안양시,0.0,0.0,0.0,10.7,0.0,0.0,17,True,False
2616,SO06,농구,2023-03-19,일,1,0 days 17:00:00,0,2250.0,서울 송파구,4.0,5.0,0.0,14.6,0.0,0.0,17,True,False
2617,SU04,농구,2023-03-19,일,1,0 days 17:00:00,0,2795.0,경기 수원시,12.0,36.0,0.0,12.4,0.0,0.0,17,True,False
2618,CW02,농구,2023-03-19,일,1,0 days 19:00:00,0,2350.0,경남 창원시,0.0,0.0,0.0,12.1,0.0,0.0,19,True,False
2619,AY01,농구,2023-03-20,월,0,0 days 19:00:00,1,2948.0,경기 안양시,0.0,0.0,0.0,12.2,0.0,0.0,19,True,False
2620,US04,농구,2023-03-21,화,0,0 days 19:00:00,1,2500.0,울산 중구,0.0,0.0,0.0,14.3,0.0,0.0,19,True,False
2621,SO07,농구,2023-03-22,수,0,0 days 19:00:00,1,2805.0,서울 송파구,2.0,2.0,0.0,19.5,0.0,0.0,19,True,False
2622,CW02,농구,2023-03-23,목,0,0 days 19:00:00,1,2786.0,경남 창원시,0.0,0.0,0.0,15.5,0.0,0.0,19,True,False
2623,WJ01,농구,2023-03-23,목,0,0 days 19:00:00,1,2394.0,강원 원주시,6.0,7.0,1.0,17.4,0.0,0.0,19,True,False
2624,SO07,농구,2023-03-24,금,0,0 days 19:00:00,1,2639.0,서울 송파구,6.0,8.0,0.0,14.4,0.0,0.0,19,True,False
2625,US04,농구,2023-03-24,금,0,0 days 19:00:00,1,2869.0,울산 중구,3.0,4.0,0.0,10.0,0.0,0.0,19,True,False
2626,SU04,농구,2023-03-25,토,1,0 days 17:00:00,0,2926.0,경기 수원시,15.0,22.0,0.0,15.5,0.0,0.0,17,True,False
2627,SO06,농구,2023-03-25,토,1,0 days 17:00:00,0,2308.0,서울 송파구,3.0,5.0,0.0,16.2,0.0,0.0,17,True,False
2628,WJ01,농구,2023-03-25,토,1,0 days 19:00:00,1,2053.0,강원 원주시,1.0,1.0,0.0,12.5,0.0,0.0,19,True,False
2629,JJ02,농구,2023-03-26,일,1,0 days 17:00:00,1,2714.0,전북 전주시,8.0,9.0,0.0,14.5,0.0,0.0,17,True,False
2630,CW02,농구,2023-03-26,일,1,0 days 17:00:00,0,2568.0,경남 창원시,0.0,0.0,0.0,13.2,0.0,0.0,17,True,False
2631,AY01,농구,2023-03-26,일,1,0 days 19:00:00,1,2604.0,경기 안양시,0.0,0.0,0.0,10.0,0.0,0.0,19,True,False
2632,GY01,농구,2023-03-27,월,0,0 days 19:00:00,0,2000.0,경기 고양시,0.0,0.0,0.0,7.3,0.0,0.0,19,True,False
2633,SO06,농구,2023-03-27,월,0,0 days 19:00:00,1,2654.0,서울 송파구,2.0,3.0,0.0,8.3,0.0,0.0,19,True,False
2634,SO07,농구,2023-03-29,수,0,0 days 19:00:00,1,2205.0,서울 송파구,7.0,10.0,0.0,14.4,0.0,0.0,19,True,False
2635,CW02,농구,2023-03-29,수,0,0 days 19:00:00,1,2155.0,경남 창원시,0.0,0.0,0.0,13.4,0.0,0.0,19,True,False
2636,SU04,농구,2023-03-29,수,0,0 days 19:00:00,1,2003.0,경기 수원시,14.0,21.0,0.0,12.7,0.0,0.0,19,True,False
2637,JJ02,농구,2023-03-29,수,0,0 days 19:00:00,0,2608.0,전북 전주시,5.0,7.0,0.0,15.3,0.0,0.0,19,True,False
2638,GY01,농구,2023-03-29,수,0,0 days 19:00:00,0,2244.0,경기 고양시,0.0,0.0,0.0,12.3,0.0,0.0,19,True,False
2639,US04,농구,2023-04-02,일,1,0 days 18:00:00,1,4143.0,울산 중구,2.0,2.0,0.0,13.7,0.0,0.0,18,False,True
2640,SO07,농구,2023-04-03,월,0,0 days 19:00:00,1,3553.0,서울 송파구,4.0,9.0,0.0,22.6,0.0,0.0,19,False,True
2641,US04,농구,2023-04-04,화,0,0 days 19:00:00,0,3839.0,울산 중구,2.0,2.0,0.0,16.5,0.0,0.0,19,False,True
2642,SO07,농구,2023-04-05,수,0,0 days 19:00:00,1,4057.0,서울 송파구,6.0,8.0,0.0,9.6,0.0,0.0,19,False,True
2643,GY01,농구,2023-04-06,목,0,0 days 19:00:00,0,3622.0,경기 고양시,0.0,0.0,0.0,8.6,0.0,0.0,19,False,True
2644,JJ02,농구,2023-04-07,금,0,0 days 19:00:00,0,4000.0,전북 전주시,11.0,13.0,0.0,8.0,0.0,0.0,19,False,True
2645,GY01,농구,2023-04-08,토,1,0 days 14:00:00,1,3585.0,경기 고양시,0.0,0.0,0.0,15.4,0.0,0.0,14,False,True
2646,US04,농구,2023-04-10,월,0,0 days 19:00:00,0,3795.0,울산 중구,2.0,3.0,0.0,16.6,0.0,0.0,19,False,True
2647,AY01,농구,2023-04-13,목,0,0 days 19:00:00,1,4049.0,경기 안양시,0.0,0.0,0.0,16.6,0.0,0.0,19,False,True
2648,CW02,농구,2023-04-14,금,0,0 days 19:00:00,0,3702.0,경남 창원시,0.0,0.0,0.0,13.4,1.7,0.0,19,False,True
2649,AY01,농구,2023-04-15,토,1,0 days 14:00:00,0,3981.0,경기 안양시,0.0,0.0,0.0,13.5,0.0,0.0,14,False,True
2650,CW02,농구,2023-04-16,일,1,0 days 18:00:00,0,4034.0,경남 창원시,0.0,0.0,0.0,13.6,0.0,0.0,18,False,True
2651,GY01,농구,2023-04-17,월,0,0 days 19:00:00,0,4016.0,경기 고양시,0.0,0.0,0.0,15.1,0.0,0.0,19,False,True
2652,SO07,농구,2023-04-18,화,0,0 days 19:00:00,1,4197.0,서울 송파구,8.0,9.0,0.0,16.7,0.0,0.0,19,False,True
2653,GY01,농구,2023-04-19,수,0,0 days 19:00:00,0,4116.0,경기 고양시,0.0,0.0,0.0,19.7,0.0,0.0,19,False,True
2654,AY01,농구,2023-04-25,화,0,0 days 19:00:00,0,3792.0,경기 안양시,0.0,0.0,0.0,11.1,0.0,0.0,19,False,True
2655,AY01,농구,2023-04-27,목,0,0 days 19:00:00,1,4060.0,경기 안양시,0.0,0.0,0.0,16.1,0.0,0.0,19,False,True
2656,SO07,농구,2023-04-29,토,1,0 days 14:00:00,0,3843.0,서울 송파구,6.0,11.0,0.0,12.6,0.0,0.0,14,False,True
2657,SO07,농구,2023-05-01,월,0,0 days 19:00:00,0,3719.0,서울 송파구,6.0,7.0,0.0,17.5,0.0,0.0,19,False,True
2658,SO07,농구,2023-05-03,수,0,0 days 19:00:00,1,4154.0,서울 송파구,6.0,10.0,0.0,21.1,0.0,0.0,19,False,True
2659,AY01,농구,2023-05-05,금,1,0 days 18:00:00,1,3544.0,경기 안양시,0.0,0.0,0.0,19.1,1.5,0.0,18,False,True
2660,AY01,농구,2023-05-07,일,1,0 days 18:00:00,0,3562.0,경기 안양시,0.0,0.0,0.0,17.2,0.0,0.0,18,False,True
2662,CW02,농구,2023-10-21,토,1,0 days 14:00:00,0,2325.0,경남 창원시,0.0,0.0,0.0,16.2,0.0,0.0,14,True,False
2663,US04,농구,2023-10-21,토,1,0 days 16:00:00,1,2605.0,울산 중구,1.0,1.0,0.0,18.2,0.0,0.0,16,True,False
2664,SO07,농구,2023-10-22,일,1,0 days 14:00:00,1,2291.0,서울 송파구,5.0,9.0,0.0,17.6,0.0,0.0,14,True,False
2665,GY01,농구,2023-10-22,일,1,0 days 14:00:00,1,2679.0,경기 고양시,0.0,0.0,0.0,18.4,0.0,0.0,14,True,False
2666,BS03,농구,2023-10-22,일,1,0 days 16:00:00,1,2974.0,부산 동래구,1.0,1.0,0.0,19.2,0.0,0.0,16,True,False
2667,US04,농구,2023-10-23,월,0,0 days 19:00:00,1,2688.0,울산 중구,4.0,4.0,0.0,14.7,0.0,0.0,19,True,False
2668,GY01,농구,2023-10-24,화,0,0 days 19:00:00,0,2596.0,경기 고양시,0.0,0.0,0.0,14.7,0.0,0.0,19,True,False
2669,CW02,농구,2023-10-26,목,0,0 days 19:00:00,0,2119.0,경남 창원시,0.0,0.0,0.0,17.4,0.0,0.0,19,True,False
2670,US04,농구,2023-10-27,금,0,0 days 19:00:00,1,2218.0,울산 중구,1.0,1.0,0.0,14.1,0.0,0.0,19,True,False
2671,SO06,농구,2023-10-27,금,0,0 days 19:00:00,1,2043.0,서울 송파구,12.0,14.0,0.0,16.1,0.0,0.0,19,True,False
2672,WJ01,농구,2023-10-28,토,1,0 days 14:00:00,0,2373.0,강원 원주시,2.0,2.0,0.0,17.0,0.0,0.0,14,True,False
2673,DG04,농구,2023-10-28,토,1,0 days 14:00:00,0,2933.0,대구 동구,1.0,1.0,0.0,20.1,0.0,0.0,14,True,False
2674,SU04,농구,2023-10-28,토,1,0 days 16:00:00,0,2033.0,경기 수원시,20.0,25.0,0.0,19.6,0.0,0.0,16,True,False
2675,SO06,농구,2023-10-29,일,1,0 days 14:00:00,0,2893.0,서울 송파구,9.0,14.0,0.0,21.5,0.0,0.0,14,True,False
2676,DG04,농구,2023-10-29,일,1,0 days 14:00:00,1,2826.0,대구 동구,10.0,15.0,0.0,20.6,0.0,0.0,14,True,False
2677,GY01,농구,2023-10-29,일,1,0 days 16:00:00,1,2511.0,경기 고양시,0.0,0.0,0.0,20.2,0.0,0.0,16,True,False
2678,SU04,농구,2023-10-30,월,0,0 days 19:00:00,0,2566.0,경기 수원시,19.0,27.0,0.0,14.6,0.0,0.0,19,True,False
2679,AY01,농구,2023-10-31,화,0,0 days 19:00:00,0,2313.0,경기 안양시,0.0,0.0,0.0,17.7,0.0,0.0,19,True,False
2680,SO06,농구,2023-10-31,화,0,0 days 19:00:00,1,2348.0,서울 송파구,8.0,11.0,0.0,17.7,0.0,0.0,19,True,False
2681,CW02,농구,2023-11-02,목,0,0 days 19:00:00,1,2736.0,경남 창원시,0.0,0.0,0.0,19.4,0.0,0.0,19,True,False
2682,SO06,농구,2023-11-02,목,0,0 days 19:00:00,0,2985.0,서울 송파구,4.0,6.0,0.0,20.8,0.0,0.0,19,True,False
2683,US04,농구,2023-11-03,금,0,0 days 19:00:00,0,2270.0,울산 중구,2.0,2.0,0.0,20.8,0.0,0.0,19,True,False
2684,DG04,농구,2023-11-03,금,0,0 days 19:00:00,0,2132.0,대구 동구,4.0,5.0,1.0,20.1,0.0,0.0,19,True,False
2685,CW02,농구,2023-11-04,토,1,0 days 14:00:00,1,2031.0,경남 창원시,0.0,0.0,0.0,20.0,0.0,0.0,14,True,False
2686,AY01,농구,2023-11-04,토,1,0 days 14:00:00,0,2864.0,경기 안양시,0.0,0.0,0.0,20.4,0.0,0.0,14,True,False
2687,SO06,농구,2023-11-04,토,1,0 days 16:00:00,0,2786.0,서울 송파구,13.0,18.0,0.0,20.6,0.0,0.0,16,True,False
2688,US04,농구,2023-11-05,일,1,0 days 14:00:00,0,2450.0,울산 중구,0.0,0.0,0.0,23.2,0.0,0.0,14,True,False
2689,DG04,농구,2023-11-05,일,1,0 days 16:00:00,0,2172.0,대구 동구,3.0,4.0,0.0,22.9,0.0,0.0,16,True,False
2690,SU04,농구,2023-11-06,월,0,0 days 19:00:00,0,2837.0,경기 수원시,16.0,22.0,0.0,9.9,0.0,0.0,19,True,False
2691,AY01,농구,2023-11-07,화,0,0 days 19:00:00,1,2266.0,경기 안양시,0.0,0.0,0.0,7.0,0.0,0.0,19,True,False
2692,WJ01,농구,2023-11-07,화,0,0 days 19:00:00,1,2400.0,강원 원주시,6.0,10.0,0.0,8.0,0.0,0.0,19,True,False
2693,SU04,농구,2023-11-09,목,0,0 days 19:00:00,1,2051.0,경기 수원시,9.0,11.0,0.0,14.7,0.0,0.0,19,True,False
2694,US04,농구,2023-11-09,목,0,0 days 19:02:00,1,2893.0,울산 중구,1.0,1.0,0.0,18.3,0.0,0.0,19,True,False
2695,CW02,농구,2023-11-10,금,0,0 days 19:00:00,0,2276.0,경남 창원시,0.0,0.0,0.0,9.5,0.0,0.0,19,True,False
2696,WJ01,농구,2023-11-10,금,0,0 days 19:00:00,0,2026.0,강원 원주시,6.0,6.0,0.0,6.2,0.0,0.0,19,True,False
2697,SO06,농구,2023-11-11,토,1,0 days 14:00:00,0,2851.0,서울 송파구,6.0,8.0,0.0,6.0,0.0,0.0,14,True,False
2698,DG04,농구,2023-11-11,토,1,0 days 14:00:00,1,2683.0,대구 동구,2.0,2.0,0.0,9.8,0.0,0.0,14,True,False
2699,SU04,농구,2023-11-11,토,1,0 days 16:00:00,1,2546.0,경기 수원시,11.0,13.0,0.0,6.9,0.0,0.0,16,True,False
2700,WJ01,농구,2023-11-12,일,1,0 days 14:00:00,0,2232.0,강원 원주시,1.0,2.0,0.0,4.7,0.0,0.0,14,True,False
2701,AY01,농구,2023-11-12,일,1,0 days 14:00:00,1,2945.0,경기 안양시,0.0,0.0,0.0,3.9,0.0,0.0,14,True,False
2702,GY01,농구,2023-11-12,일,1,0 days 16:00:00,1,2336.0,경기 고양시,0.0,0.0,0.0,4.4,0.0,0.0,16,True,False
2703,US04,농구,2023-11-13,월,0,0 days 19:00:00,0,2676.0,울산 중구,0.0,0.0,0.0,6.8,0.0,0.0,19,True,False
2704,WJ01,농구,2023-11-14,화,0,0 days 19:00:00,1,2458.0,강원 원주시,3.0,4.0,0.0,5.6,0.0,0.0,19,True,False
2705,SO06,농구,2023-11-14,화,0,0 days 19:00:00,0,2337.0,서울 송파구,15.0,20.0,0.0,7.3,0.0,0.0,19,True,False
2706,WJ01,농구,2023-11-16,목,0,0 days 19:00:00,1,2158.0,강원 원주시,3.0,3.0,0.0,7.0,0.0,0.0,19,True,False
2707,DG04,농구,2023-11-16,목,0,0 days 19:00:00,0,2669.0,대구 동구,7.0,13.0,0.0,7.7,0.0,0.0,19,True,False
2708,BS03,농구,2023-11-17,금,0,0 days 19:00:00,1,2212.0,부산 동래구,3.0,3.0,0.0,6.6,0.0,0.0,19,True,False
2709,AY01,농구,2023-11-17,금,0,0 days 19:00:00,1,2162.0,경기 안양시,0.0,0.0,0.0,1.5,0.0,0.0,19,True,False
2710,SU04,농구,2023-11-18,토,1,0 days 14:00:00,1,2802.0,경기 수원시,12.0,18.0,0.0,4.9,0.0,0.0,14,True,False
2711,US04,농구,2023-11-18,토,1,0 days 14:00:00,1,2987.0,울산 중구,1.0,1.0,0.0,7.8,0.0,0.0,14,True,False
2712,WJ01,농구,2023-11-18,토,1,0 days 16:00:00,0,2119.0,강원 원주시,2.0,2.0,0.0,5.2,0.0,0.0,16,True,False
2713,CW02,농구,2023-11-19,일,1,0 days 14:00:00,1,2627.0,경남 창원시,0.0,0.0,0.0,14.2,0.0,0.0,14,True,False
2714,AY01,농구,2023-11-19,일,1,0 days 14:00:00,1,2927.0,경기 안양시,0.0,0.0,0.0,13.3,0.0,0.0,14,True,False
2715,GY01,농구,2023-11-19,일,1,0 days 16:00:00,0,2173.0,경기 고양시,0.0,0.0,0.0,12.6,0.0,0.0,16,True,False
2716,SO07,농구,2023-11-20,월,0,0 days 19:00:00,1,2521.0,서울 송파구,5.0,8.0,0.0,7.7,0.0,0.0,19,True,False
2717,SU04,농구,2023-11-21,화,0,0 days 19:00:00,0,2515.0,경기 수원시,16.0,24.0,0.0,7.6,0.0,0.0,19,True,False
2718,DG04,농구,2023-11-21,화,0,0 days 19:00:00,0,2586.0,대구 동구,6.0,17.0,0.0,9.9,0.0,0.0,19,True,False
2719,CW02,농구,2023-11-23,목,0,0 days 19:00:00,1,2053.0,경남 창원시,0.0,0.0,0.0,16.5,0.0,0.0,19,True,False
2720,SO06,농구,2023-11-23,목,0,0 days 19:00:00,1,2779.0,서울 송파구,7.0,7.0,0.0,7.3,0.0,0.0,19,True,False
2721,AY01,농구,2023-11-24,금,0,0 days 19:00:00,0,2770.0,경기 안양시,0.0,0.0,0.0,-0.3,0.0,0.0,19,True,False
2722,SO07,농구,2023-11-24,금,0,0 days 19:00:00,1,2381.0,서울 송파구,11.0,19.0,0.0,-1.5,0.0,0.0,19,True,False
2723,CW02,농구,2023-11-25,토,1,0 days 14:00:00,1,2808.0,경남 창원시,0.0,0.0,0.0,6.6,0.0,0.0,14,True,False
2724,SO06,농구,2023-11-25,토,1,0 days 14:00:00,0,2912.0,서울 송파구,7.0,17.0,0.0,3.8,0.0,0.0,14,True,False
2725,BS03,농구,2023-11-25,토,1,0 days 17:00:00,0,2186.0,부산 동래구,9.0,9.0,0.0,7.4,0.0,0.0,17,True,False
2726,SU04,농구,2023-11-26,일,1,0 days 14:00:00,1,2103.0,경기 수원시,7.0,10.0,0.0,6.6,0.0,0.0,14,True,False
2727,AY01,농구,2023-11-26,일,1,0 days 14:00:00,0,2126.0,경기 안양시,0.0,0.0,0.0,6.8,0.0,0.0,14,True,False
2728,GY01,농구,2023-11-26,일,1,0 days 16:00:00,1,2496.0,경기 고양시,0.0,0.0,0.0,6.7,0.0,0.0,16,True,False
2729,BS03,농구,2023-11-27,월,0,0 days 19:00:00,1,2974.0,부산 동래구,3.0,4.0,0.0,12.4,0.0,0.0,19,True,False
2730,SU04,농구,2023-11-28,화,0,0 days 19:00:00,1,2834.0,경기 수원시,8.0,9.0,0.0,0.4,0.0,0.0,19,True,False
2731,GY01,농구,2023-11-28,화,0,0 days 19:00:00,1,2932.0,경기 고양시,0.0,0.0,0.0,-0.2,0.0,0.0,19,True,False
2732,BS03,농구,2023-11-30,목,0,0 days 19:00:00,0,2374.0,부산 동래구,4.0,4.0,0.0,2.3,0.0,0.0,19,True,False
2733,SO07,농구,2023-11-30,목,0,0 days 19:00:00,0,2763.0,서울 송파구,3.0,3.0,0.0,-2.9,0.0,0.0,19,True,False
2734,AY01,농구,2023-12-01,금,0,0 days 19:00:00,1,2762.0,경기 안양시,0.0,0.0,0.0,0.3,0.0,0.0,19,True,False
2735,SO06,농구,2023-12-01,금,0,0 days 19:00:00,0,2290.0,서울 송파구,7.0,10.0,0.0,-1.3,0.0,0.0,19,True,False
2736,WJ01,농구,2023-12-02,토,1,0 days 14:00:00,0,2548.0,강원 원주시,1.0,1.0,0.0,1.6,0.0,0.0,14,True,False
2737,SO07,농구,2023-12-02,토,1,0 days 14:00:00,0,2796.0,서울 송파구,8.0,11.0,0.0,6.4,0.0,0.0,14,True,False
2738,DG04,농구,2023-12-02,토,1,0 days 16:00:00,0,2345.0,대구 동구,9.0,10.0,0.0,9.0,0.0,0.0,16,True,False
2739,US04,농구,2023-12-03,일,1,0 days 14:00:00,0,2603.0,울산 중구,0.0,0.0,0.0,11.1,0.0,0.0,14,True,False
2740,SO07,농구,2023-12-03,일,1,0 days 14:00:00,1,2028.0,서울 송파구,8.0,9.0,0.0,5.3,0.0,0.0,14,True,False
2741,BS03,농구,2023-12-03,일,1,0 days 16:00:00,1,2053.0,부산 동래구,3.0,3.0,0.0,12.1,0.0,0.0,16,True,False
2742,WJ01,농구,2023-12-04,월,0,0 days 19:00:00,1,2692.0,강원 원주시,4.0,5.0,0.0,2.3,0.0,0.0,19,True,False
2743,SO06,농구,2023-12-05,화,0,0 days 19:00:00,0,2662.0,서울 송파구,2.0,2.0,0.0,7.8,0.0,0.0,19,True,False
2744,SU04,농구,2023-12-05,화,0,0 days 19:09:00,1,2275.0,경기 수원시,7.0,6.0,1.0,5.7,0.0,0.0,19,True,False
2745,CW02,농구,2023-12-07,목,0,0 days 19:00:00,1,2253.0,경남 창원시,0.0,0.0,0.0,7.4,0.0,0.0,19,True,False
2746,US04,농구,2023-12-07,목,0,0 days 19:00:00,0,2795.0,울산 중구,4.0,5.0,0.0,8.7,0.0,0.0,19,True,False
2748,WJ01,농구,2023-12-08,금,0,0 days 19:00:00,1,2201.0,강원 원주시,4.0,4.0,0.0,12.2,0.0,0.0,19,True,False
2749,US04,농구,2023-12-09,토,1,0 days 14:00:00,1,2930.0,울산 중구,0.0,0.0,0.0,19.7,0.0,0.0,14,True,False
2750,CW02,농구,2023-12-09,토,1,0 days 16:00:00,1,2577.0,경남 창원시,0.0,0.0,0.0,18.6,0.0,0.0,16,True,False
2751,GY01,농구,2023-12-10,일,1,0 days 14:00:00,0,2014.0,경기 고양시,0.0,0.0,0.0,15.2,0.0,0.0,14,True,False
2752,WJ01,농구,2023-12-10,일,1,0 days 16:00:00,1,2676.0,강원 원주시,3.0,3.0,1.0,16.0,0.0,0.0,16,True,False
2753,US04,농구,2023-12-11,월,0,0 days 19:00:00,0,2867.0,울산 중구,2.0,3.0,0.0,13.2,0.0,0.0,19,True,False
2754,SU04,농구,2023-12-12,화,0,0 days 19:00:00,0,2080.0,경기 수원시,12.0,13.0,0.0,6.3,0.0,0.0,19,True,False
2755,WJ01,농구,2023-12-12,화,0,0 days 19:00:00,1,2929.0,강원 원주시,4.0,4.0,0.0,6.4,0.0,0.0,19,True,False
2756,BS03,농구,2023-12-12,화,0,0 days 19:00:00,1,2324.0,부산 동래구,7.0,8.0,0.0,8.9,0.0,0.0,19,True,False
2757,DG04,농구,2023-12-14,목,0,0 days 19:00:00,0,2731.0,대구 동구,5.0,5.0,0.0,10.8,0.0,0.0,19,True,False
2758,SU04,농구,2023-12-15,금,0,0 days 19:00:00,1,2891.0,경기 수원시,20.0,29.0,0.0,5.1,0.0,0.0,19,True,False
2759,BS03,농구,2023-12-15,금,0,0 days 19:00:00,1,2774.0,부산 동래구,5.0,10.0,0.0,9.6,0.0,0.0,19,True,False
2760,AY01,농구,2023-12-16,토,1,0 days 14:00:00,1,2203.0,경기 안양시,0.0,0.0,0.0,-3.5,0.0,0.0,14,True,False
2761,DG04,농구,2023-12-16,토,1,0 days 14:00:00,1,2988.0,대구 동구,4.0,7.0,0.0,2.8,0.0,0.0,14,True,False
2762,SO07,농구,2023-12-16,토,1,0 days 16:00:00,1,2238.0,서울 송파구,10.0,10.0,0.0,-4.2,0.0,0.0,16,True,False
2763,WJ01,농구,2023-12-17,일,1,0 days 14:00:00,0,2968.0,강원 원주시,3.0,5.0,0.0,-5.9,0.0,0.0,14,True,False
2764,CW02,농구,2023-12-17,일,1,0 days 16:00:00,1,2402.0,경남 창원시,0.0,0.0,0.0,-1.7,0.0,0.0,16,True,False
2765,BS03,농구,2023-12-17,일,1,0 days 18:00:00,1,2623.0,부산 동래구,2.0,2.0,0.0,-2.0,0.0,0.0,18,True,False
2766,AY01,농구,2023-12-18,월,0,0 days 19:00:00,0,2611.0,경기 안양시,0.0,0.0,0.0,-4.5,0.0,0.0,19,True,False
2767,SU04,농구,2023-12-19,화,0,0 days 19:00:00,0,2149.0,경기 수원시,12.0,13.0,0.0,-0.9,0.0,0.2,19,True,False
2768,US04,농구,2023-12-19,화,0,0 days 19:00:00,0,2327.0,울산 중구,0.0,0.0,0.0,2.3,0.0,0.0,19,True,False
2769,DG04,농구,2023-12-21,목,0,0 days 19:00:00,0,2046.0,대구 동구,3.0,5.0,0.0,-5.9,0.0,0.0,19,True,False
2770,GY01,농구,2023-12-21,목,0,0 days 19:00:00,0,2263.0,경기 고양시,0.0,0.0,0.0,-10.7,0.0,0.0,19,True,False
2771,US04,농구,2023-12-22,금,0,0 days 19:00:00,1,2002.0,울산 중구,0.0,0.0,0.0,-4.7,0.0,0.0,19,True,False
2772,AY01,농구,2023-12-22,금,0,0 days 19:00:00,1,2052.0,경기 안양시,0.0,0.0,0.0,-8.8,0.0,0.0,19,True,False
2773,CW02,농구,2023-12-23,토,1,0 days 14:00:00,0,2212.0,경남 창원시,0.0,0.0,0.0,-0.1,0.0,0.0,14,True,False
2774,GY01,농구,2023-12-23,토,1,0 days 14:00:00,0,2413.0,경기 고양시,0.0,0.0,0.0,-2.4,0.0,0.0,14,True,False
2775,DG04,농구,2023-12-23,토,1,0 days 16:00:00,0,2893.0,대구 동구,3.0,4.0,0.0,1.5,0.0,0.0,16,True,False
2776,GY01,농구,2023-12-24,일,1,0 days 14:00:00,0,2047.0,경기 고양시,0.0,0.0,0.0,1.2,0.0,0.0,14,True,False
2777,AY01,농구,2023-12-24,일,1,0 days 14:00:00,1,2961.0,경기 안양시,0.0,0.0,0.0,0.4,0.0,0.0,14,True,False
2778,CW02,농구,2023-12-24,일,1,0 days 16:00:00,0,2126.0,경남 창원시,0.0,0.0,0.0,4.1,0.0,0.0,16,True,False
2779,WJ01,농구,2023-12-25,월,1,0 days 14:00:00,0,2725.0,강원 원주시,1.0,2.0,0.0,0.8,0.0,0.0,14,True,False
2780,SO07,농구,2023-12-25,월,1,0 days 16:00:00,1,2941.0,서울 송파구,6.0,9.0,0.0,1.9,0.0,0.0,16,True,False
2781,DG04,농구,2023-12-25,월,1,0 days 16:00:00,0,2989.0,대구 동구,3.0,8.0,0.0,4.4,0.0,0.0,16,True,False
2782,CW02,농구,2023-12-26,화,0,0 days 19:00:00,1,2577.0,경남 창원시,0.0,0.0,0.0,3.8,0.0,0.0,19,True,False
2783,DG04,농구,2023-12-28,목,0,0 days 19:00:00,0,2207.0,대구 동구,5.0,9.0,0.0,6.0,0.0,0.0,19,True,False
2784,GY01,농구,2023-12-28,목,0,0 days 19:00:00,1,2562.0,경기 고양시,0.0,0.0,0.0,1.0,0.0,0.0,19,True,False
2785,US04,농구,2023-12-28,목,0,0 days 19:00:00,0,2369.0,울산 중구,2.0,12.0,0.0,6.2,0.0,0.0,19,True,False
2786,WJ01,농구,2023-12-29,금,0,0 days 19:00:00,1,2861.0,강원 원주시,1.0,3.0,0.0,1.1,0.0,0.0,19,True,False
2787,GY01,농구,2023-12-30,토,1,0 days 14:00:00,0,2590.0,경기 고양시,0.0,0.0,0.0,1.0,0.5,0.0,14,True,False
2788,AY01,농구,2023-12-30,토,1,0 days 14:00:00,0,2859.0,경기 안양시,0.0,0.0,0.0,1.3,1.0,0.0,14,True,False
2789,SU04,농구,2023-12-30,토,1,0 days 16:00:00,1,2853.0,경기 수원시,9.0,10.0,1.0,1.6,0.0,0.6,16,True,False
2790,AY01,농구,2023-12-31,일,1,0 days 14:00:00,0,2387.0,경기 안양시,0.0,0.0,0.0,3.6,0.0,0.0,14,True,False
2791,CW02,농구,2023-12-31,일,1,0 days 16:00:00,1,2087.0,경남 창원시,0.0,0.0,0.0,8.7,0.0,0.0,16,True,False
2792,DG04,농구,2023-12-31,일,1,0 days 22:00:00,0,2027.0,대구 동구,4.0,4.0,0.0,4.1,0.0,0.0,22,True,False
2793,SU04,농구,2024-01-01,월,1,0 days 14:00:00,1,2175.0,경기 수원시,8.0,13.0,0.0,6.3,0.0,0.0,14,True,False
2794,SO06,농구,2024-01-01,월,1,0 days 16:00:00,0,2174.0,서울 송파구,2.0,6.0,0.0,5.8,0.0,0.0,16,True,False
2795,WJ01,농구,2024-01-02,화,0,0 days 19:00:00,0,2057.0,강원 원주시,3.0,4.0,0.0,3.2,0.0,0.0,19,True,False
2796,AY01,농구,2024-01-02,화,0,0 days 19:00:00,1,2686.0,경기 안양시,0.0,0.0,0.0,3.5,0.0,0.0,19,True,False
2797,BS03,농구,2024-01-03,수,0,0 days 19:00:00,0,2822.0,부산 동래구,3.0,4.0,0.0,5.6,0.0,0.0,19,True,False
2798,DG04,농구,2024-01-04,목,0,0 days 19:00:00,1,2935.0,대구 동구,3.0,3.0,0.0,3.7,0.0,0.0,19,True,False
2799,SO06,농구,2024-01-04,목,0,0 days 19:00:00,1,2659.0,서울 송파구,6.0,7.0,0.0,4.2,0.0,0.0,19,True,False
2800,SO07,농구,2024-01-05,금,0,0 days 19:00:00,1,2875.0,서울 송파구,9.0,12.0,0.0,4.3,0.0,0.0,19,True,False
2801,CW02,농구,2024-01-06,토,1,0 days 14:00:00,0,2883.0,경남 창원시,0.0,0.0,0.0,9.1,0.0,0.0,14,True,False
2802,US04,농구,2024-01-06,토,1,0 days 14:00:00,1,2479.0,울산 중구,1.0,1.0,0.0,9.1,0.0,0.0,14,True,False
2803,SO06,농구,2024-01-06,토,1,0 days 16:00:00,0,2683.0,서울 송파구,7.0,8.0,0.0,4.9,0.0,0.0,16,True,False
2804,SO07,농구,2024-01-07,일,1,0 days 14:00:00,1,2545.0,서울 송파구,8.0,10.0,0.0,-2.1,0.0,2.1,14,True,False
2805,BS03,농구,2024-01-07,일,1,0 days 14:00:00,1,2592.0,부산 동래구,2.0,5.0,0.0,5.0,0.0,0.0,14,True,False
2806,CW02,농구,2024-01-07,일,1,0 days 16:00:00,1,2238.0,경남 창원시,0.0,0.0,0.0,2.8,0.0,0.0,16,True,False
2807,WJ01,농구,2024-01-08,월,0,0 days 19:00:00,1,2278.0,강원 원주시,0.0,0.0,0.0,-1.9,0.0,0.0,19,True,False
2808,DG04,농구,2024-01-08,월,0,0 days 19:00:00,1,2626.0,대구 동구,4.0,4.0,0.0,0.2,0.0,0.0,19,True,False
2809,CW02,농구,2024-01-09,화,0,0 days 19:00:00,0,2893.0,경남 창원시,0.0,0.0,0.0,3.4,0.0,0.0,19,True,False
2810,BS03,농구,2024-01-09,화,0,0 days 19:00:00,1,2704.0,부산 동래구,3.0,5.0,0.0,5.8,0.0,0.0,19,True,False
2811,BS03,농구,2024-01-11,목,0,0 days 19:00:00,1,2838.0,부산 동래구,0.0,0.0,0.0,5.9,0.0,0.0,19,True,False
2812,GY01,농구,2024-01-14,일,1,0 days 14:00:00,0,3782.0,경기 고양시,0.0,0.0,0.0,1.3,1.0,0.0,14,False,True
2813,BS03,농구,2024-01-17,수,0,0 days 19:00:00,0,2008.0,부산 동래구,4.0,5.0,0.0,10.3,0.0,0.0,19,True,False
2814,GY01,농구,2024-01-17,수,0,0 days 19:00:00,1,2964.0,경기 고양시,0.0,0.0,0.0,0.4,0.5,0.0,19,True,False
2815,DG04,농구,2024-01-18,목,0,0 days 19:00:00,1,2582.0,대구 동구,2.0,4.0,0.0,6.5,0.0,0.0,19,True,False
2816,SO07,농구,2024-01-18,목,0,0 days 19:00:00,0,2972.0,서울 송파구,4.0,4.0,0.0,6.6,0.0,0.0,19,True,False
2817,BS03,농구,2024-01-19,금,0,0 days 19:00:00,1,2364.0,부산 동래구,5.0,5.0,0.0,6.9,0.0,0.0,19,True,False
2818,AY01,농구,2024-01-19,금,0,0 days 19:00:00,1,2876.0,경기 안양시,0.0,0.0,0.0,6.2,0.0,0.0,19,True,False
2819,US04,농구,2024-01-20,토,1,0 days 14:00:00,1,2669.0,울산 중구,1.0,1.0,0.0,6.9,0.0,0.0,14,True,False
2820,SO07,농구,2024-01-20,토,1,0 days 14:00:00,1,2340.0,서울 송파구,4.0,4.0,0.0,4.5,0.0,0.0,14,True,False
2821,GY01,농구,2024-01-20,토,1,0 days 16:00:00,0,2370.0,경기 고양시,0.0,0.0,0.0,4.6,0.0,0.0,16,True,False
2822,WJ01,농구,2024-01-21,일,1,0 days 14:00:00,1,2244.0,강원 원주시,1.0,1.0,0.0,6.4,0.0,0.0,14,True,False
2823,SO06,농구,2024-01-21,일,1,0 days 14:00:00,0,2003.0,서울 송파구,4.0,4.0,0.0,3.4,0.0,0.0,14,True,False
2824,AY01,농구,2024-01-21,일,1,0 days 16:00:00,0,2030.0,경기 안양시,0.0,0.0,0.0,2.5,0.0,0.0,16,True,False
2825,SO07,농구,2024-01-22,월,0,0 days 19:00:00,0,2856.0,서울 송파구,6.0,7.0,0.0,-10.3,0.0,0.0,19,True,False
2826,WJ01,농구,2024-01-23,화,0,0 days 19:00:00,0,2397.0,강원 원주시,3.0,3.0,0.0,-8.7,0.0,0.0,19,True,False
2827,GY01,농구,2024-01-23,화,0,0 days 19:00:00,1,2268.0,경기 고양시,0.0,0.0,0.0,-11.7,0.0,0.0,19,True,False
2828,SU04,농구,2024-01-25,목,0,0 days 19:00:00,1,2581.0,경기 수원시,21.0,26.0,0.0,-3.4,0.0,0.0,19,True,False
2829,DG04,농구,2024-01-25,목,0,0 days 19:00:00,0,2360.0,대구 동구,4.0,4.0,0.0,0.2,0.0,0.0,19,True,False
2830,CW02,농구,2024-01-26,금,0,0 days 19:00:00,0,2995.0,경남 창원시,0.0,0.0,0.0,2.3,0.0,0.0,19,True,False
2831,US04,농구,2024-01-26,금,0,0 days 19:00:00,1,2489.0,울산 중구,3.0,8.0,0.0,3.8,0.0,0.0,19,True,False
2832,SU04,농구,2024-01-27,토,1,0 days 14:00:00,1,2376.0,경기 수원시,27.0,55.0,0.0,4.2,0.0,0.0,14,True,False
2833,DG04,농구,2024-01-27,토,1,0 days 14:00:00,1,2861.0,대구 동구,3.0,3.0,0.0,8.2,0.0,0.0,14,True,False
2834,SO07,농구,2024-01-27,토,1,0 days 16:00:00,0,2296.0,서울 송파구,7.0,13.0,0.0,3.6,0.0,0.0,16,True,False
2835,SU04,농구,2024-01-28,일,1,0 days 14:00:00,0,2628.0,경기 수원시,20.0,32.0,0.0,1.7,0.0,0.0,14,True,False
2836,US04,농구,2024-01-28,일,1,0 days 14:00:00,0,2151.0,울산 중구,1.0,3.0,0.0,6.1,0.0,0.0,14,True,False
2837,GY01,농구,2024-01-28,일,1,0 days 16:00:00,1,2635.0,경기 고양시,0.0,0.0,0.0,2.9,0.0,0.0,16,True,False
2838,BS03,농구,2024-01-29,월,0,0 days 19:00:00,0,2890.0,부산 동래구,2.0,3.0,0.0,5.3,0.0,0.0,19,True,False
2839,GY01,농구,2024-01-30,화,0,0 days 19:00:00,0,2891.0,경기 고양시,0.0,0.0,0.0,2.0,0.0,0.0,19,True,False
2840,SO06,농구,2024-01-30,화,0,0 days 19:00:00,1,2404.0,서울 송파구,10.0,15.0,0.0,4.3,0.0,0.0,19,True,False
2841,SU04,농구,2024-02-01,목,0,0 days 19:00:00,1,2758.0,경기 수원시,10.0,12.0,0.0,1.1,0.0,0.0,19,True,False
2842,GY01,농구,2024-02-01,목,0,0 days 19:00:00,0,2923.0,경기 고양시,0.0,0.0,0.0,1.9,0.0,0.0,19,True,False
2843,US04,농구,2024-02-02,금,0,0 days 19:00:00,0,2968.0,울산 중구,2.0,2.0,0.0,5.3,0.0,0.0,19,True,False
2844,BS03,농구,2024-02-02,금,0,0 days 19:00:00,1,2803.0,부산 동래구,4.0,6.0,0.0,6.4,0.0,0.0,19,True,False
2845,SO07,농구,2024-02-03,토,1,0 days 14:00:00,0,2998.0,서울 송파구,3.0,5.0,0.0,8.1,0.0,0.0,14,True,False
2846,DG04,농구,2024-02-03,토,1,0 days 14:00:00,1,2536.0,대구 동구,2.0,3.0,0.0,8.0,0.0,0.0,14,True,False
2847,SO06,농구,2024-02-03,토,1,0 days 16:00:00,1,2934.0,서울 송파구,3.0,5.0,0.0,7.8,0.0,0.0,16,True,False
2848,AY01,농구,2024-02-04,일,1,0 days 14:00:00,0,2187.0,경기 안양시,0.0,0.0,0.0,9.9,0.0,0.0,14,True,False
2849,US04,농구,2024-02-04,일,1,0 days 14:00:00,1,2292.0,울산 중구,2.0,3.0,0.0,7.8,0.0,0.0,14,True,False
2850,SO06,농구,2024-02-04,일,1,0 days 16:00:00,1,2509.0,서울 송파구,5.0,6.0,0.0,10.8,0.0,0.0,16,True,False
2851,GY01,농구,2024-02-05,월,0,0 days 19:00:00,0,2293.0,경기 고양시,0.0,0.0,0.0,0.5,0.0,0.0,19,True,False
2852,CW02,농구,2024-02-06,화,0,0 days 19:00:00,0,2624.0,경남 창원시,0.0,0.0,0.0,4.9,0.0,0.0,19,True,False
2853,DG04,농구,2024-02-06,화,0,0 days 19:00:00,1,2723.0,대구 동구,3.0,3.0,0.0,4.7,0.0,0.0,19,True,False
2854,BS03,농구,2024-02-08,목,0,0 days 19:00:00,1,2681.0,부산 동래구,4.0,7.0,0.0,6.6,0.0,0.0,19,True,False
2855,DG04,농구,2024-02-08,목,0,0 days 19:00:00,0,2297.0,대구 동구,5.0,7.0,0.0,5.3,0.0,0.0,19,True,False
2856,SU04,농구,2024-02-09,금,1,0 days 14:00:00,1,2325.0,경기 수원시,9.0,19.0,0.0,5.2,0.0,0.0,14,True,False
2857,GY01,농구,2024-02-09,금,1,0 days 16:00:00,0,2831.0,경기 고양시,0.0,0.0,0.0,5.3,0.0,0.0,16,True,False
2858,SO07,농구,2024-02-10,토,1,0 days 14:00:00,1,2811.0,서울 송파구,1.0,1.0,0.0,6.8,0.0,0.0,14,True,False
2859,DG04,농구,2024-02-10,토,1,0 days 14:00:00,0,2789.0,대구 동구,1.0,2.0,0.0,8.5,0.0,0.0,14,True,False
2860,US04,농구,2024-02-10,토,1,0 days 16:00:00,1,2424.0,울산 중구,0.0,0.0,0.0,8.5,0.0,0.0,16,True,False
2861,SO06,농구,2024-02-11,일,1,0 days 14:00:00,0,2111.0,서울 송파구,1.0,3.0,0.0,5.4,0.0,0.0,14,True,False
2862,AY01,농구,2024-02-11,일,1,0 days 14:00:00,0,2536.0,경기 안양시,0.0,0.0,0.0,4.0,0.0,0.0,14,True,False
2863,WJ01,농구,2024-02-11,일,1,0 days 16:00:00,1,2145.0,강원 원주시,2.0,5.0,0.0,4.5,0.0,0.0,16,True,False
2864,CW02,농구,2024-02-12,월,1,0 days 14:00:00,0,2996.0,경남 창원시,0.0,0.0,0.0,10.3,0.0,0.0,14,True,False
2865,BS03,농구,2024-02-12,월,1,0 days 16:00:00,1,2167.0,부산 동래구,0.0,0.0,0.0,9.8,0.0,0.0,16,True,False
2866,WJ01,농구,2024-02-13,화,0,0 days 19:00:00,1,2727.0,강원 원주시,2.0,2.0,0.0,9.9,0.0,0.0,19,True,False
2867,SO06,농구,2024-02-13,화,0,0 days 19:00:00,1,2840.0,서울 송파구,3.0,4.0,0.0,11.4,0.0,0.0,19,True,False
2868,SU04,농구,2024-02-14,수,0,0 days 19:00:00,0,2740.0,경기 수원시,23.0,35.0,0.0,12.4,0.0,0.0,19,True,False
2869,GY01,농구,2024-02-14,수,0,0 days 19:00:00,1,2726.0,경기 고양시,0.0,0.0,0.0,13.0,0.0,0.0,19,True,False
2870,AY01,농구,2024-02-15,목,0,0 days 19:00:00,0,2753.0,경기 안양시,0.0,0.0,0.0,3.1,0.0,0.0,19,True,False
2871,SO07,농구,2024-02-15,목,0,0 days 19:00:00,0,2729.0,서울 송파구,2.0,2.0,0.0,2.3,0.0,0.0,19,True,False
2872,US04,농구,2024-02-28,수,0,0 days 19:00:00,1,2880.0,울산 중구,3.0,4.0,0.0,6.6,0.0,0.0,19,True,False
2873,SO07,농구,2024-02-28,수,0,0 days 19:00:00,1,2954.0,서울 송파구,9.0,19.0,0.0,8.1,0.0,0.0,19,True,False
2874,BS03,농구,2024-02-29,목,0,0 days 19:00:00,0,2540.0,부산 동래구,1.0,1.0,0.0,4.8,0.0,0.0,19,True,False
2875,SO06,농구,2024-02-29,목,0,0 days 19:00:00,1,2578.0,서울 송파구,7.0,9.0,0.0,6.6,0.0,0.0,19,True,False
2876,SO07,농구,2024-03-01,금,1,0 days 14:00:00,0,2712.0,서울 송파구,3.0,3.0,0.0,-2.3,0.0,0.0,14,True,False
2877,US04,농구,2024-03-01,금,1,0 days 14:00:00,0,2787.0,울산 중구,1.0,1.0,0.0,3.6,0.0,0.0,14,True,False
2878,CW02,농구,2024-03-01,금,1,0 days 16:00:00,1,2155.0,경남 창원시,0.0,0.0,0.0,4.2,0.0,0.0,16,True,False
2879,BS03,농구,2024-03-02,토,1,0 days 14:00:00,0,2456.0,부산 동래구,1.0,1.0,0.0,4.8,0.0,0.0,14,True,False
2880,WJ01,농구,2024-03-02,토,1,0 days 14:00:00,1,2219.0,강원 원주시,1.0,3.0,0.0,2.1,0.0,0.0,14,True,False
2881,SO06,농구,2024-03-02,토,1,0 days 16:00:00,1,2444.0,서울 송파구,4.0,5.0,0.0,3.1,0.0,0.0,16,True,False
2882,SU04,농구,2024-03-03,일,1,0 days 14:00:00,0,2525.0,경기 수원시,3.0,3.0,0.0,8.3,0.0,0.0,14,True,False
2883,AY01,농구,2024-03-03,일,1,0 days 14:00:00,1,2403.0,경기 안양시,0.0,0.0,0.0,6.4,0.0,0.0,14,True,False
2884,SO07,농구,2024-03-03,일,1,0 days 16:00:00,1,2290.0,서울 송파구,5.0,12.0,0.0,7.2,0.0,0.0,16,True,False
2885,SO06,농구,2024-03-04,월,0,0 days 19:00:00,0,2132.0,서울 송파구,6.0,6.0,0.0,8.4,0.0,0.0,19,True,False
2886,GY01,농구,2024-03-05,화,0,0 days 19:00:00,1,2089.0,경기 고양시,0.0,0.0,0.0,8.0,0.0,0.0,19,True,False
2887,SO07,농구,2024-03-05,화,0,0 days 19:00:00,0,2481.0,서울 송파구,5.0,6.0,0.0,8.9,0.0,0.0,19,True,False
2888,CW02,농구,2024-03-07,목,0,0 days 19:00:00,1,2300.0,경남 창원시,0.0,0.0,0.0,7.6,0.0,0.0,19,True,False
2889,SO06,농구,2024-03-07,목,0,0 days 19:00:00,0,2478.0,서울 송파구,8.0,13.0,0.0,4.0,0.0,0.0,19,True,False
2890,SU04,농구,2024-03-07,목,0,0 days 19:00:00,0,2866.0,경기 수원시,14.0,17.0,0.0,3.6,0.0,0.0,19,True,False
2891,SU04,농구,2024-03-09,토,1,0 days 15:00:00,1,2381.0,경기 수원시,16.0,30.0,0.0,6.2,0.0,0.0,15,True,False
2892,WJ01,농구,2024-03-09,토,1,0 days 17:00:00,1,2384.0,강원 원주시,4.0,5.0,0.0,7.4,0.0,0.0,17,True,False
2893,SO06,농구,2024-03-09,토,1,0 days 17:00:00,1,2874.0,서울 송파구,8.0,10.0,0.0,6.2,0.0,0.0,17,True,False
2894,CW02,농구,2024-03-11,월,0,0 days 19:00:00,1,2389.0,경남 창원시,0.0,0.0,0.0,8.3,0.0,0.0,19,True,False
2895,AY01,농구,2024-03-13,수,0,0 days 19:00:00,0,2086.0,경기 안양시,0.0,0.0,0.0,7.7,0.0,0.0,19,True,False
2896,SO07,농구,2024-03-13,수,0,0 days 19:00:00,1,2699.0,서울 송파구,6.0,9.0,0.0,7.7,0.0,0.0,19,True,False
2897,WJ01,농구,2024-03-14,목,0,0 days 19:00:00,1,2776.0,강원 원주시,3.0,3.0,0.0,13.1,0.0,0.0,19,True,False
2898,AY01,농구,2024-03-14,목,0,0 days 19:00:00,0,2182.0,경기 안양시,0.0,0.0,0.0,10.2,0.0,0.0,19,True,False
2899,DG04,농구,2024-03-15,금,0,0 days 19:00:00,1,2416.0,대구 동구,1.0,1.0,0.0,16.6,0.0,0.0,19,True,False
2900,GY01,농구,2024-03-15,금,0,0 days 19:00:00,0,2301.0,경기 고양시,0.0,0.0,0.0,8.7,0.0,0.0,19,True,False
2901,SU04,농구,2024-03-16,토,1,0 days 15:00:00,1,2796.0,경기 수원시,10.0,13.0,0.0,17.9,0.0,0.0,15,True,False
2902,US04,농구,2024-03-16,토,1,0 days 17:00:00,1,2008.0,울산 중구,0.0,0.0,0.0,15.2,0.0,0.0,17,True,False
2903,AY01,농구,2024-03-16,토,1,0 days 17:00:00,1,2351.0,경기 안양시,0.0,0.0,0.0,15.8,0.0,0.0,17,True,False
2904,DG04,농구,2024-03-17,일,1,0 days 15:00:00,0,2433.0,대구 동구,2.0,2.0,0.0,17.6,0.0,0.0,15,True,False
2905,BS03,농구,2024-03-17,일,1,0 days 17:00:00,1,2744.0,부산 동래구,0.0,0.0,0.0,19.0,0.0,0.0,17,True,False
2906,CW02,농구,2024-03-17,일,1,0 days 17:00:00,1,2749.0,경남 창원시,0.0,0.0,0.0,18.3,0.0,0.0,17,True,False
2907,SO06,농구,2024-03-18,월,0,0 days 19:00:00,1,2532.0,서울 송파구,11.0,13.0,0.0,8.3,0.0,0.0,19,True,False
2908,CW02,농구,2024-03-19,화,0,0 days 19:00:00,1,2378.0,경남 창원시,0.0,0.0,0.0,11.4,0.0,0.0,19,True,False
2909,SO07,농구,2024-03-19,화,0,0 days 19:00:00,0,2358.0,서울 송파구,8.0,13.0,0.0,6.9,0.0,0.0,19,True,False
2910,BS03,농구,2024-03-20,수,0,0 days 19:00:00,1,2481.0,부산 동래구,2.0,2.0,0.0,8.4,0.0,0.0,19,True,False
2911,AY01,농구,2024-03-21,목,0,0 days 19:00:00,1,2765.0,경기 안양시,0.0,0.0,0.0,6.8,0.0,0.0,19,True,False
2912,SO07,농구,2024-03-21,목,0,0 days 19:00:00,0,2823.0,서울 송파구,9.0,13.0,1.0,7.0,0.0,0.0,19,True,False
2913,BS03,농구,2024-03-22,금,0,0 days 19:00:00,1,2148.0,부산 동래구,3.0,3.0,0.0,13.3,0.0,0.0,19,True,False
2914,GY01,농구,2024-03-22,금,0,0 days 19:00:00,0,2782.0,경기 고양시,0.0,0.0,0.0,11.6,1.0,0.0,19,True,False
2915,SU04,농구,2024-03-23,토,1,0 days 15:00:00,1,2397.0,경기 수원시,21.0,34.0,1.0,18.6,0.0,0.0,15,True,False
2916,WJ01,농구,2024-03-23,토,1,0 days 18:00:00,0,2372.0,강원 원주시,3.0,4.0,0.0,18.1,0.0,0.0,18,True,False
2917,SO07,농구,2024-03-23,토,1,0 days 18:00:00,1,2755.0,서울 송파구,11.0,15.0,0.0,16.9,0.0,0.0,18,True,False
2918,US04,농구,2024-03-24,일,1,0 days 15:00:00,0,2625.0,울산 중구,1.0,1.0,0.0,10.9,0.0,0.0,15,True,False
2919,WJ01,농구,2024-03-24,일,1,0 days 18:00:00,1,2629.0,강원 원주시,3.0,3.0,0.0,21.3,0.0,0.0,18,True,False
2920,SO06,농구,2024-03-24,일,1,0 days 18:00:00,1,2043.0,서울 송파구,7.0,11.0,0.0,22.1,0.0,0.0,18,True,False
2921,SO07,농구,2024-03-25,월,0,0 days 19:00:00,0,2756.0,서울 송파구,3.0,4.0,0.0,8.6,0.0,0.0,19,True,False
2922,BS03,농구,2024-03-26,화,0,0 days 19:00:00,1,2472.0,부산 동래구,2.0,2.0,0.0,9.0,0.0,0.0,19,True,False
2923,DG04,농구,2024-03-26,화,0,0 days 19:00:00,1,2432.0,대구 동구,4.0,4.0,0.0,8.9,0.0,0.0,19,True,False
2924,SU04,농구,2024-03-28,목,0,0 days 19:00:00,0,2699.0,경기 수원시,11.0,31.0,0.0,10.7,0.0,0.0,19,True,False
2925,SO07,농구,2024-03-28,목,0,0 days 19:00:00,1,2642.0,서울 송파구,7.0,10.0,0.0,11.7,0.0,0.0,19,True,False
2926,BS03,농구,2024-03-29,금,0,0 days 19:00:00,1,2975.0,부산 동래구,0.0,0.0,0.0,14.1,0.0,0.0,19,True,False
2927,US04,농구,2024-03-31,일,1,0 days 18:00:00,1,2676.0,울산 중구,1.0,2.0,0.0,13.1,0.0,0.0,18,True,False
2928,BS03,농구,2024-03-31,일,1,0 days 18:00:00,0,2403.0,부산 동래구,2.0,4.0,0.0,13.1,0.0,0.0,18,True,False
2929,WJ01,농구,2024-03-31,일,1,0 days 18:00:00,1,2127.0,강원 원주시,4.0,4.0,0.0,16.7,0.0,0.0,18,True,False
2930,GY01,농구,2024-03-31,일,1,0 days 18:00:00,1,2305.0,경기 고양시,0.0,0.0,0.0,14.6,0.0,0.0,18,True,False
2931,CW02,농구,2024-03-31,일,1,0 days 18:00:00,1,2946.0,경남 창원시,0.0,0.0,0.0,13.5,0.0,0.0,18,True,False
2932,SO07,농구,2024-04-04,목,0,0 days 19:00:00,0,3858.0,서울 송파구,3.0,3.0,0.0,16.4,0.0,0.0,19,False,True
2933,SU04,농구,2024-04-05,금,0,0 days 19:00:00,1,4009.0,경기 수원시,11.0,11.0,1.0,13.0,0.0,0.0,19,False,True
2934,SO07,농구,2024-04-06,토,1,0 days 14:00:00,0,3592.0,서울 송파구,9.0,12.0,0.0,18.2,0.0,0.0,14,False,True
2935,SU04,농구,2024-04-07,일,1,0 days 18:00:00,0,3613.0,경기 수원시,10.0,11.0,1.0,19.1,0.0,0.0,18,False,True
2936,BS03,농구,2024-04-08,월,0,0 days 19:00:00,1,3913.0,부산 동래구,0.0,0.0,0.0,17.3,0.0,0.0,19,False,True
2937,US04,농구,2024-04-09,화,0,0 days 19:00:00,0,3651.0,울산 중구,1.0,1.0,0.0,8.9,0.0,0.0,19,False,True
2938,US04,농구,2024-04-11,목,0,0 days 19:01:00,0,3595.0,울산 중구,3.0,3.0,0.0,15.2,0.0,0.0,19,False,True
2939,WJ01,농구,2024-04-15,월,0,0 days 19:00:00,0,3622.0,강원 원주시,2.0,3.0,0.0,16.9,0.0,0.0,19,False,True
2940,CW02,농구,2024-04-16,화,0,0 days 19:00:00,1,4032.0,경남 창원시,0.0,0.0,0.0,18.7,0.0,0.0,19,False,True
2941,WJ01,농구,2024-04-17,수,0,0 days 19:00:00,1,4078.0,강원 원주시,3.0,3.0,0.0,20.1,0.0,0.0,19,False,True
2942,CW02,농구,2024-04-18,목,0,0 days 19:00:00,0,4144.0,경남 창원시,0.0,0.0,0.0,16.4,0.0,0.0,19,False,True
2943,BS03,농구,2024-04-19,금,0,0 days 19:00:00,0,4160.0,부산 동래구,0.0,0.0,0.0,17.6,0.0,0.0,19,False,True
2944,SU04,농구,2024-04-20,토,1,0 days 14:00:00,0,3872.0,경기 수원시,10.0,18.0,0.0,15.4,0.0,0.0,14,False,True
2945,BS03,농구,2024-04-21,일,1,0 days 18:00:00,1,3942.0,부산 동래구,3.0,4.0,0.0,16.4,0.0,0.0,18,False,True
2946,SU04,농구,2024-04-22,월,0,0 days 19:00:00,1,3876.0,경기 수원시,18.0,43.0,0.0,21.5,0.0,0.0,19,False,True
2947,CW02,농구,2024-04-24,수,0,0 days 19:00:00,0,3702.0,경남 창원시,0.0,0.0,0.0,17.3,0.0,0.0,19,False,True
2948,SU04,농구,2024-04-27,토,1,0 days 14:00:00,0,4013.0,경기 수원시,11.0,18.0,0.0,23.5,0.0,0.0,14,False,True
2949,SU04,농구,2024-04-29,월,0,0 days 19:00:00,0,3902.0,경기 수원시,14.0,22.0,0.0,20.8,0.0,0.0,19,False,True
2950,BS03,농구,2024-05-01,수,0,0 days 19:00:00,1,4045.0,부산 동래구,4.0,7.0,0.0,14.1,0.0,0.0,19,False,True
2951,BS03,농구,2024-05-03,금,0,0 days 19:00:00,1,3709.0,부산 동래구,2.0,3.0,0.0,18.3,0.0,0.0,19,False,True
2952,SU04,농구,2024-05-05,일,1,0 days 18:00:00,0,3587.0,경기 수원시,8.0,16.0,0.0,18.3,2.6,0.0,18,False,True
2953,BS03,농구,2024-10-19,토,1,0 days 14:00:00,1,2994.0,부산 동래구,3.0,3.0,0.0,21.5,0.0,0.0,14,True,False
2954,WJ01,농구,2024-10-19,토,1,0 days 14:00:00,1,2502.0,강원 원주시,1.0,1.0,0.0,18.8,0.0,0.0,14,True,False
2955,CW02,농구,2024-10-19,토,1,0 days 16:00:00,1,2311.0,경남 창원시,0.0,0.0,0.0,17.8,9.4,0.0,16,True,False
2956,SU04,농구,2024-10-20,일,1,0 days 14:00:00,1,2324.0,경기 수원시,6.0,8.0,0.0,16.9,0.0,0.0,14,True,False
2957,SO07,농구,2024-10-20,일,1,0 days 14:00:00,1,2006.0,서울 송파구,4.0,4.0,0.0,17.4,0.0,0.0,14,True,False
2958,US04,농구,2024-10-20,일,1,0 days 16:00:00,1,2920.0,울산 중구,1.0,1.0,0.0,15.4,0.0,0.0,16,True,False
2959,CW02,농구,2024-10-21,월,0,0 days 19:00:00,1,2744.0,경남 창원시,0.0,0.0,0.0,18.0,0.0,0.0,19,True,False
2960,SO07,농구,2024-10-22,화,0,0 days 19:00:00,1,2378.0,서울 송파구,1.0,2.0,0.0,16.0,1.4,0.0,19,True,False
2961,BS03,농구,2024-10-23,수,0,0 days 19:00:00,0,2846.0,부산 동래구,2.0,2.0,0.0,16.8,0.0,0.0,19,True,False
2962,WJ01,농구,2024-10-24,목,0,0 days 19:00:00,0,2472.0,강원 원주시,4.0,4.0,0.0,12.6,0.0,0.0,19,True,False
2963,CW02,농구,2024-10-24,목,0,0 days 19:00:00,1,2906.0,경남 창원시,0.0,0.0,0.0,15.7,0.0,0.0,19,True,False
2964,BS03,농구,2024-10-25,금,0,0 days 19:00:00,0,2280.0,부산 동래구,5.0,5.0,0.0,19.1,0.0,0.0,19,True,False
2965,SU04,농구,2024-10-25,금,0,0 days 19:00:00,1,2481.0,경기 수원시,5.0,7.0,0.0,16.4,0.0,0.0,19,True,False
2966,DG04,농구,2024-10-26,토,1,0 days 14:00:00,1,2646.0,대구 동구,6.0,11.0,0.0,20.9,0.0,0.0,14,True,False
2967,GY01,농구,2024-10-26,토,1,0 days 14:00:00,1,2556.0,경기 고양시,0.0,0.0,0.0,22.5,0.0,0.0,14,True,False
2968,AY01,농구,2024-10-26,토,1,0 days 16:00:00,1,2600.0,경기 안양시,0.0,0.0,0.0,22.1,0.0,0.0,16,True,False
2969,SO06,농구,2024-10-27,일,1,0 days 14:00:00,0,2768.0,서울 송파구,5.0,8.0,0.0,18.3,0.0,0.0,14,True,False
2970,SU04,농구,2024-10-27,일,1,0 days 14:00:00,0,2279.0,경기 수원시,8.0,10.0,0.0,19.2,0.0,0.0,14,True,False
2971,WJ01,농구,2024-10-27,일,1,0 days 16:00:00,0,2537.0,강원 원주시,4.0,5.0,0.0,18.3,0.0,0.0,16,True,False
2972,GY01,농구,2024-10-28,월,0,0 days 19:00:00,1,2574.0,경기 고양시,0.0,0.0,0.0,16.9,0.0,0.0,19,True,False
2973,SO06,농구,2024-10-29,화,0,0 days 19:00:00,0,2041.0,서울 송파구,6.0,8.0,0.0,15.3,0.0,0.0,19,True,False
2974,AY01,농구,2024-10-30,수,0,0 days 19:00:00,0,2477.0,경기 안양시,0.0,0.0,0.0,17.2,0.0,0.0,19,True,False
2975,GY01,농구,2024-10-31,목,0,0 days 19:00:00,0,2851.0,경기 고양시,0.0,0.0,0.0,14.2,0.0,0.0,19,True,False
2976,SO06,농구,2024-10-31,목,0,0 days 19:00:00,0,2218.0,서울 송파구,8.0,12.0,0.0,17.2,0.0,0.0,19,True,False
2977,BS03,농구,2024-11-01,금,0,0 days 19:00:00,0,2812.0,부산 동래구,4.0,6.0,0.0,14.7,0.0,0.0,19,True,False
2978,CW02,농구,2024-11-01,금,0,0 days 19:00:00,0,2572.0,경남 창원시,0.0,0.0,0.0,14.6,0.0,0.0,19,True,False
2979,SU04,농구,2024-11-02,토,1,0 days 14:00:00,1,2119.0,경기 수원시,19.0,25.0,0.0,23.1,0.0,0.0,14,True,False
2980,US04,농구,2024-11-02,토,1,0 days 14:00:00,0,2815.0,울산 중구,4.0,8.0,0.0,19.4,0.0,0.0,14,True,False
2981,SO06,농구,2024-11-02,토,1,0 days 16:00:00,1,2840.0,서울 송파구,9.0,20.0,0.0,24.7,0.0,0.0,16,True,False
2982,CW02,농구,2024-11-03,일,1,0 days 14:00:00,0,2319.0,경남 창원시,0.0,0.0,0.0,21.6,0.0,0.0,14,True,False
2983,DG04,농구,2024-11-03,일,1,0 days 14:00:00,1,2388.0,대구 동구,4.0,7.0,0.0,20.2,0.0,0.0,14,True,False
2984,BS03,농구,2024-11-03,일,1,0 days 16:00:00,0,2815.0,부산 동래구,1.0,4.0,0.0,21.0,0.0,0.0,16,True,False
2985,WJ01,농구,2024-11-04,월,0,0 days 19:00:00,0,2610.0,강원 원주시,7.0,9.0,0.0,14.6,0.0,0.0,19,True,False
2986,DG04,농구,2024-11-05,화,0,0 days 19:00:00,1,2690.0,대구 동구,6.0,11.0,1.0,13.2,0.0,0.0,19,True,False
2987,US04,농구,2024-11-06,수,0,0 days 19:00:00,0,2902.0,울산 중구,3.0,5.0,0.0,8.8,0.0,0.0,19,True,False
2988,SO06,농구,2024-11-07,목,0,0 days 19:00:00,1,2312.0,서울 송파구,6.0,10.0,0.0,10.0,0.0,0.0,19,True,False
2989,AY01,농구,2024-11-07,목,0,0 days 19:00:00,1,2112.0,경기 안양시,0.0,0.0,0.0,10.8,0.0,0.0,19,True,False
2990,US04,농구,2024-11-08,금,0,0 days 19:00:00,1,2536.0,울산 중구,0.0,0.0,0.0,13.2,0.0,0.0,19,True,False
2991,DG04,농구,2024-11-08,금,0,0 days 19:00:00,1,2941.0,대구 동구,4.0,5.0,0.0,15.2,0.0,0.0,19,True,False
2992,SU04,농구,2024-11-09,토,1,0 days 14:00:00,1,2273.0,경기 수원시,16.0,25.0,0.0,19.2,0.0,0.0,14,True,False
2993,SO07,농구,2024-11-09,토,1,0 days 14:00:00,1,2074.0,서울 송파구,5.0,5.0,0.0,19.8,0.0,0.0,14,True,False
2994,AY01,농구,2024-11-09,토,1,0 days 16:00:00,0,2496.0,경기 안양시,0.0,0.0,0.0,18.3,0.0,0.0,16,True,False
2995,WJ01,농구,2024-11-10,일,1,0 days 14:00:00,1,2114.0,강원 원주시,7.0,16.0,0.0,19.2,0.0,0.0,14,True,False
2996,DG04,농구,2024-11-10,일,1,0 days 14:00:00,0,2938.0,대구 동구,1.0,1.0,0.0,16.6,0.0,0.0,14,True,False
2997,SO07,농구,2024-11-10,일,1,0 days 16:00:00,1,2275.0,서울 송파구,3.0,4.0,0.0,20.4,0.0,0.0,16,True,False
2998,SU04,농구,2024-11-11,월,0,0 days 19:00:00,1,2127.0,경기 수원시,17.0,24.0,1.0,13.7,0.0,0.0,19,True,False
2999,WJ01,농구,2024-11-12,화,0,0 days 19:00:00,0,2318.0,강원 원주시,6.0,6.0,0.0,13.1,0.0,0.0,19,True,False
3000,GY01,농구,2024-11-13,수,0,0 days 19:00:00,0,2402.0,경기 고양시,0.0,0.0,0.0,13.2,0.0,0.0,19,True,False
3001,DG04,농구,2024-11-14,목,0,0 days 19:00:00,0,2985.0,대구 동구,2.0,2.0,0.0,15.0,0.0,0.0,19,True,False
3002,CW02,농구,2024-11-14,목,0,0 days 19:00:00,0,2690.0,경남 창원시,0.0,0.0,0.0,16.0,0.0,0.0,19,True,False
3003,BS03,농구,2024-11-27,수,0,0 days 19:00:00,1,2996.0,부산 동래구,6.0,8.0,0.0,5.8,0.0,0.0,19,True,False
3004,CW02,농구,2024-11-27,수,0,0 days 19:00:00,0,2270.0,경남 창원시,0.0,0.0,0.0,4.4,0.0,0.0,19,True,False
3005,SO06,농구,2024-11-28,목,0,0 days 19:00:00,0,2526.0,서울 송파구,4.0,7.0,0.0,0.8,0.0,12.7,19,True,False
3006,WJ01,농구,2024-11-28,목,0,0 days 19:00:00,1,2017.0,강원 원주시,2.0,3.0,0.0,1.8,0.0,7.3,19,True,False
3007,SO07,농구,2024-11-29,금,0,0 days 19:00:00,1,2455.0,서울 송파구,9.0,10.0,0.0,1.6,0.0,8.0,19,True,False
3008,AY01,농구,2024-11-29,금,0,0 days 19:00:00,1,2027.0,경기 안양시,0.0,0.0,0.0,3.1,0.0,0.0,19,True,False
3009,SU04,농구,2024-11-30,토,1,0 days 14:00:00,0,2286.0,경기 수원시,12.0,20.0,0.0,3.3,0.0,15.5,14,True,False
3010,GY01,농구,2024-11-30,토,1,0 days 14:00:00,0,2011.0,경기 고양시,0.0,0.0,0.0,7.0,0.0,0.0,14,True,False
3011,SO06,농구,2024-11-30,토,1,0 days 16:00:00,0,2802.0,서울 송파구,4.0,5.0,0.0,5.1,0.0,7.0,16,True,False
3012,SO07,농구,2024-12-01,일,1,0 days 14:00:00,0,2902.0,서울 송파구,9.0,11.0,0.0,8.0,0.0,3.0,14,True,False
3013,GY01,농구,2024-12-01,일,1,0 days 14:00:00,0,2003.0,경기 고양시,0.0,0.0,0.0,9.3,0.0,0.0,14,True,False
3014,DG04,농구,2024-12-01,일,1,0 days 16:00:00,1,2509.0,대구 동구,3.0,4.0,0.0,15.0,0.0,0.0,16,True,False
3015,SO06,농구,2024-12-02,월,0,0 days 19:00:00,0,2520.0,서울 송파구,6.0,8.0,0.0,7.2,0.0,0.0,19,True,False
3016,DG04,농구,2024-12-03,화,0,0 days 19:00:00,1,2397.0,대구 동구,3.0,4.0,0.0,5.6,0.0,0.0,19,True,False
3017,WJ01,농구,2024-12-04,수,0,0 days 19:00:00,1,2980.0,강원 원주시,3.0,5.0,0.0,3.2,0.0,0.0,19,True,False
3018,US04,농구,2024-12-05,목,0,0 days 19:00:00,1,2305.0,울산 중구,4.0,4.0,0.0,6.6,0.0,0.0,19,True,False
3019,DG04,농구,2024-12-05,목,0,0 days 19:00:00,0,2709.0,대구 동구,6.0,16.0,0.0,8.2,0.0,0.0,19,True,False
3020,AY01,농구,2024-12-06,금,0,0 days 19:00:00,0,2299.0,경기 안양시,0.0,0.0,0.0,3.2,0.0,0.0,19,True,False
3021,GY01,농구,2024-12-06,금,0,0 days 19:00:00,0,2877.0,경기 고양시,0.0,0.0,0.0,0.3,0.0,0.0,19,True,False
3022,US04,농구,2024-12-07,토,1,0 days 14:00:00,1,2852.0,울산 중구,1.0,1.0,0.0,8.0,0.0,0.0,14,True,False
3023,SO06,농구,2024-12-07,토,1,0 days 14:00:00,0,2518.0,서울 송파구,12.0,18.0,0.0,3.9,0.0,0.0,14,True,False
3024,CW02,농구,2024-12-07,토,1,0 days 16:00:00,1,2504.0,경남 창원시,0.0,0.0,0.0,7.9,0.0,0.0,16,True,False
3025,SU04,농구,2024-12-08,일,1,0 days 14:00:00,1,2707.0,경기 수원시,7.0,10.0,0.0,3.1,0.0,0.0,14,True,False
3026,GY01,농구,2024-12-08,일,1,0 days 14:00:00,0,2537.0,경기 고양시,0.0,0.0,0.0,2.8,0.0,0.0,14,True,False
3027,US04,농구,2024-12-08,일,1,0 days 16:00:00,0,2638.0,울산 중구,1.0,2.0,0.0,6.1,0.0,0.0,16,True,False
3028,DG04,농구,2024-12-09,월,0,0 days 19:00:00,1,2025.0,대구 동구,7.0,9.0,0.0,5.8,0.0,0.0,19,True,False
3029,BS03,농구,2024-12-10,화,0,0 days 19:00:00,1,2699.0,부산 동래구,2.0,2.0,0.0,7.3,0.0,0.0,19,True,False
3030,AY01,농구,2024-12-11,수,0,0 days 19:00:00,0,2976.0,경기 안양시,0.0,0.0,0.0,4.4,0.0,0.0,19,True,False
3031,DG04,농구,2024-12-12,목,0,0 days 19:00:00,1,2124.0,대구 동구,6.0,8.0,0.0,5.8,0.0,0.0,19,True,False
3032,US04,농구,2024-12-12,목,0,0 days 19:00:00,1,2195.0,울산 중구,2.0,2.0,0.0,4.9,0.0,0.0,19,True,False
3033,GY01,농구,2024-12-13,금,0,0 days 19:00:00,0,2851.0,경기 고양시,0.0,0.0,0.0,0.2,0.0,0.0,19,True,False
3034,AY01,농구,2024-12-13,금,0,0 days 19:00:00,0,2047.0,경기 안양시,0.0,0.0,0.0,2.4,0.0,0.0,19,True,False
3035,BS03,농구,2024-12-14,토,1,0 days 14:00:00,0,2400.0,부산 동래구,2.0,3.0,0.0,7.1,0.0,0.0,14,True,False
3036,SU04,농구,2024-12-14,토,1,0 days 14:00:00,0,2206.0,경기 수원시,12.0,18.0,0.0,2.2,0.0,0.0,14,True,False
3037,SO07,농구,2024-12-14,토,1,0 days 16:00:00,0,2512.0,서울 송파구,8.0,15.0,0.0,2.3,0.0,0.0,16,True,False
3038,BS03,농구,2024-12-15,일,1,0 days 14:00:00,0,2302.0,부산 동래구,0.0,0.0,0.0,7.1,0.0,0.0,14,True,False
3039,AY01,농구,2024-12-15,일,1,0 days 14:00:00,1,2647.0,경기 안양시,0.0,0.0,0.0,5.2,0.0,0.0,14,True,False
3040,SO07,농구,2024-12-15,일,1,0 days 16:00:00,0,2284.0,서울 송파구,4.0,4.0,0.0,4.5,0.0,0.0,16,True,False
3041,WJ01,농구,2024-12-16,월,0,0 days 19:00:00,1,2050.0,강원 원주시,2.0,3.0,0.0,2.5,0.0,0.0,19,True,False
3042,CW02,농구,2024-12-17,화,0,0 days 19:00:00,1,2035.0,경남 창원시,0.0,0.0,0.0,4.4,0.0,0.0,19,True,False
3043,GY01,농구,2024-12-18,수,0,0 days 19:00:00,1,2453.0,경기 고양시,0.0,0.0,0.0,-3.6,0.0,0.0,19,True,False
3044,US04,농구,2024-12-19,목,0,0 days 19:00:00,1,2807.0,울산 중구,3.0,3.0,0.0,3.4,0.0,0.0,19,True,False
3045,WJ01,농구,2024-12-19,목,0,0 days 19:00:00,1,2628.0,강원 원주시,7.0,12.0,0.0,-0.2,0.0,0.0,19,True,False
3046,CW02,농구,2024-12-20,금,0,0 days 19:00:00,1,2134.0,경남 창원시,0.0,0.0,0.0,4.4,0.0,0.0,19,True,False
3047,SU04,농구,2024-12-20,금,0,0 days 19:00:00,1,2905.0,경기 수원시,13.0,19.0,0.0,1.0,0.0,0.0,19,True,False
3048,GY01,농구,2024-12-21,토,1,0 days 14:00:00,1,2316.0,경기 고양시,0.0,0.0,0.0,-0.5,0.0,0.0,14,True,False
3049,AY01,농구,2024-12-21,토,1,0 days 14:00:00,0,2329.0,경기 안양시,0.0,0.0,0.0,0.2,0.0,0.0,14,True,False
3050,WJ01,농구,2024-12-21,토,1,0 days 16:00:00,1,2763.0,강원 원주시,2.0,7.0,0.0,0.3,0.0,3.7,16,True,False
3051,BS03,농구,2024-12-22,일,1,0 days 14:00:00,0,2342.0,부산 동래구,4.0,5.0,0.0,5.6,0.0,0.0,14,True,False
3052,AY01,농구,2024-12-22,일,1,0 days 14:00:00,0,2659.0,경기 안양시,0.0,0.0,0.0,-0.2,0.0,0.0,14,True,False
3053,WJ01,농구,2024-12-22,일,1,0 days 16:00:00,0,2959.0,강원 원주시,5.0,9.0,0.0,-0.6,0.0,2.0,16,True,False
3054,SU04,농구,2024-12-24,화,0,0 days 19:00:00,1,2430.0,경기 수원시,18.0,22.0,0.0,-1.2,0.0,0.0,19,True,False
3055,BS03,농구,2024-12-25,수,1,0 days 14:00:00,1,2925.0,부산 동래구,1.0,4.0,0.0,9.6,0.0,0.0,14,True,False
3056,GY01,농구,2024-12-25,수,1,0 days 14:00:00,1,2127.0,경기 고양시,0.0,0.0,0.0,5.7,0.0,0.0,14,True,False
3057,SO07,농구,2024-12-25,수,1,0 days 16:00:00,1,2620.0,서울 송파구,3.0,4.0,0.0,5.7,0.0,0.0,16,True,False
3058,DG04,농구,2024-12-26,목,0,0 days 19:00:00,0,2364.0,대구 동구,5.0,6.0,0.0,4.1,0.0,0.0,19,True,False
3059,BS03,농구,2024-12-27,금,0,0 days 19:00:00,0,2801.0,부산 동래구,3.0,3.0,0.0,2.8,0.0,0.0,19,True,False
3060,WJ01,농구,2024-12-27,금,0,0 days 19:00:00,1,2215.0,강원 원주시,2.0,2.0,0.0,-0.4,0.0,0.0,19,True,False
3061,CW02,농구,2024-12-28,토,1,0 days 14:00:00,1,2925.0,경남 창원시,0.0,0.0,0.0,4.9,0.0,0.0,14,True,False
3062,DG04,농구,2024-12-28,토,1,0 days 14:00:00,1,2057.0,대구 동구,2.0,3.0,0.0,2.6,0.0,0.0,14,True,False
3063,AY01,농구,2024-12-28,토,1,0 days 16:00:00,1,2004.0,경기 안양시,0.0,0.0,0.0,-0.4,0.0,0.0,16,True,False
3064,CW02,농구,2024-12-29,일,1,0 days 14:00:00,1,2004.0,경남 창원시,0.0,0.0,0.0,9.8,0.0,0.0,14,True,False
3065,US04,농구,2024-12-29,일,1,0 days 14:00:00,1,2187.0,울산 중구,0.0,0.0,0.0,7.9,0.0,0.0,14,True,False
3066,BS03,농구,2024-12-29,일,1,0 days 16:00:00,0,2132.0,부산 동래구,1.0,1.0,0.0,8.6,0.0,0.0,16,True,False
3067,US04,농구,2024-12-31,화,0,0 days 22:00:00,1,2435.0,울산 중구,1.0,1.0,0.0,0.9,0.0,0.0,22,True,False
