날짜,시간,구장,경기  홈팀원정팀,구분
2023.01.01 일,14:00,고양 소노 아레나,종료  고양 캐롯  77  수원 KT  90,정규시즌
2023.01.01 일,14:00,잠실실내체육관,종료  서울 삼성  67  서울 SK  86,정규시즌
2023.01.01 일,16:00,창원체육관,종료  창원 LG  73  울산 현대모비스  77,정규시즌
2023.01.02 월,19:00,원주종합체육관,종료  원주 DB  70  안양 정관장  86,정규시즌
2023.01.03 화,19:00,군산월명체육관,종료  부산 KCC  79  고양 캐롯  72,정규시즌
2023.01.04 수,19:00,잠실학생체육관,종료  서울 SK  97  원주 DB  63,정규시즌
2023.01.05 목,19:00,고양 소노 아레나,종료  고양 캐롯  80  울산 현대모비스  77,정규시즌
2023.01.05 목,19:00,잠실실내체육관,종료  서울 삼성  68  창원 LG  79,정규시즌
2023.01.06 금,19:00,군산월명체육관,종료  부산 KCC  70  서울 SK  78,정규시즌
2023.01.06 금,19:00,안양 정관장 아레나,종료  안양 정관장  83  수원 KT  85,정규시즌
2023.01.07 토,14:00,울산동천체육관,종료  울산 현대모비스  90  원주 DB  94,정규시즌
2023.01.07 토,14:00,창원체육관,종료  창원 LG  64  고양 캐롯  73,정규시즌
2023.01.07 토,16:00,대구체육관,종료  대구 한국가스공사  83  서울 삼성  77,정규시즌
2023.01.08 일,14:00,울산동천체육관,종료  울산 현대모비스  89  수원 KT  83,정규시즌
2023.01.08 일,14:00,안양 정관장 아레나,종료  안양 정관장  83  서울 SK  80,정규시즌
2023.01.08 일,16:00,잠실실내체육관,종료  서울 삼성  58  부산 KCC  68,정규시즌
2023.01.09 월,19:00,고양 소노 아레나,종료  고양 캐롯  87  대구 한국가스공사  76,정규시즌
2023.01.10 화,19:00,수원 KT 아레나,종료  수원 KT  60  부산 KCC  79,정규시즌
2023.01.10 화,19:00,잠실학생체육관,종료  서울 SK  61  창원 LG  85,정규시즌
2023.01.11 수,19:00,울산동천체육관,종료  울산 현대모비스  86  안양 정관장  100,정규시즌
2023.01.12 목,경기가 없습니다.,경기가 없습니다.,경기가 없습니다.,경기가 없습니다.
2023.01.13 금,경기가 없습니다.,경기가 없습니다.,경기가 없습니다.,경기가 없습니다.
2023.01.14 토,경기가 없습니다.,경기가 없습니다.,경기가 없습니다.,경기가 없습니다.
2023.01.15 일,14:00,수원 KT 아레나,종료  팀 허웅  117  팀 이대성  122,올스타전
2023.01.16 월,경기가 없습니다.,경기가 없습니다.,경기가 없습니다.,경기가 없습니다.
2023.01.17 화,19:00,원주종합체육관,종료  원주 DB  81  창원 LG  82,정규시즌
2023.01.18 수,경기가 없습니다.,경기가 없습니다.,경기가 없습니다.,경기가 없습니다.
2023.01.19 목,19:00,고양 소노 아레나,종료  고양 캐롯  87  원주 DB  72,정규시즌
2023.01.19 목,19:00,잠실실내체육관,종료  서울 삼성  66  수원 KT  77,정규시즌
2023.01.20 금,19:00,창원체육관,종료  창원 LG  69  대구 한국가스공사  64,정규시즌
2023.01.20 금,19:00,울산동천체육관,종료  울산 현대모비스  66  부산 KCC  64,정규시즌
2023.01.21 토,14:00,수원 KT 아레나,종료  수원 KT  73  서울 SK  76,정규시즌
2023.01.21 토,14:00,고양 소노 아레나,종료  고양 캐롯  85  안양 정관장  65,정규시즌
2023.01.21 토,16:00,잠실실내체육관,종료  서울 삼성  82  원주 DB  85,정규시즌
2023.01.22 일,14:00,대구체육관,종료  대구 한국가스공사  86  울산 현대모비스  93,정규시즌
2023.01.22 일,14:00,창원체육관,종료  창원 LG  93  부산 KCC  74,정규시즌
2023.01.22 일,16:00,안양 정관장 아레나,종료  안양 정관장  91  서울 삼성  66,정규시즌
2023.01.23 월,14:00,원주종합체육관,종료  원주 DB  80  수원 KT  76,정규시즌
2023.01.23 월,16:00,잠실학생체육관,종료  서울 SK  82  고양 캐롯  80,정규시즌
2023.01.24 화,14:00,울산동천체육관,종료  울산 현대모비스  82  창원 LG  75,정규시즌
2023.01.24 화,16:00,전주실내체육관,종료  부산 KCC  67  대구 한국가스공사  72,정규시즌
2023.01.25 수,경기가 없습니다.,경기가 없습니다.,경기가 없습니다.,경기가 없습니다.
2023.01.26 목,19:00,원주종합체육관,종료  원주 DB  71  대구 한국가스공사  65,정규시즌
2023.01.27 금,19:00,잠실실내체육관,종료  서울 삼성  70  울산 현대모비스  85,정규시즌
2023.01.27 금,19:00,수원 KT 아레나,종료  수원 KT  90  고양 캐롯  76,정규시즌
2023.01.28 토,14:00,잠실학생체육관,종료  서울 SK  118  대구 한국가스공사  116,정규시즌
2023.01.28 토,14:00,창원체육관,종료  창원 LG  68  안양 정관장  63,정규시즌
2023.01.28 토,16:00,원주종합체육관,종료  원주 DB  89  부산 KCC  73,정규시즌
2023.01.29 일,14:00,수원 KT 아레나,종료  수원 KT  80  창원 LG  81,정규시즌
2023.01.29 일,14:00,안양 정관장 아레나,종료  안양 정관장  87  대구 한국가스공사  85,정규시즌
2023.01.29 일,16:00,울산동천체육관,종료  울산 현대모비스  79  서울 SK  65,정규시즌
2023.01.30 월,19:00,고양 소노 아레나,종료  고양 캐롯  68  서울 삼성  65,정규시즌
2023.01.31 화,19:00,수원 KT 아레나,종료  수원 KT  88  대구 한국가스공사  84,정규시즌
2023.01.31 화,19:00,전주실내체육관,종료  부산 KCC  81  안양 정관장  83,정규시즌
2023.02.01 수,19:00,잠실학생체육관,종료  서울 SK  72  창원 LG  75,정규시즌
2023.02.02 목,19:00,고양 소노 아레나,종료  고양 캐롯  65  안양 정관장  82,정규시즌
2023.02.02 목,19:00,잠실실내체육관,종료  서울 삼성  73  수원 KT  70,정규시즌
2023.02.03 금,19:00,창원체육관,종료  창원 LG  76  원주 DB  74,정규시즌
2023.02.04 토,14:00,안양 정관장 아레나,종료  안양 정관장  64  서울 삼성  61,정규시즌
2023.02.04 토,14:00,울산동천체육관,종료  울산 현대모비스  82  고양 캐롯  84,정규시즌
2023.02.04 토,16:00,대구체육관,종료  대구 한국가스공사  73  수원 KT  76,정규시즌
2023.02.05 일,14:00,울산동천체육관,종료  울산 현대모비스  80  원주 DB  71,정규시즌
2023.02.05 일,14:00,전주실내체육관,종료  부산 KCC  87  창원 LG  64,정규시즌
2023.02.05 일,16:00,잠실학생체육관,종료  서울 SK  96  고양 캐롯  83,정규시즌
2023.02.06 월,19:00,수원 KT 아레나,종료  수원 KT  84  안양 정관장  87,정규시즌
2023.02.07 화,19:00,잠실학생체육관,종료  서울 SK  73  울산 현대모비스  68,정규시즌
2023.02.08 수,19:00,대구체육관,종료  대구 한국가스공사  102  창원 LG  108,정규시즌
2023.02.09 목,19:00,안양 정관장 아레나,종료  안양 정관장  80  원주 DB  70,정규시즌
2023.02.09 목,19:00,전주실내체육관,종료  부산 KCC  70  울산 현대모비스  76,정규시즌
2023.02.10 금,19:00,창원체육관,종료  창원 LG  96  서울 삼성  78,정규시즌
2023.02.10 금,19:00,고양 소노 아레나,종료  고양 캐롯  83  수원 KT  67,정규시즌
2023.02.11 토,14:00,잠실학생체육관,종료  서울 SK  89  대구 한국가스공사  85,정규시즌
2023.02.11 토,16:00,안양 정관장 아레나,종료  안양 정관장  95  울산 현대모비스  83,정규시즌
2023.02.12 일,14:00,잠실학생체육관,종료  서울 SK  84  창원 LG  94,정규시즌
2023.02.12 일,14:00,수원 KT 아레나,종료  수원 KT  86  부산 KCC  73,정규시즌
2023.02.12 일,16:00,대구체육관,종료  대구 한국가스공사  64  안양 정관장  70,정규시즌
2023.02.13 월,19:00,잠실실내체육관,종료  서울 삼성  83  원주 DB  77,정규시즌
2023.02.14 화,19:00,잠실학생체육관,종료  서울 SK  91  수원 KT  82,정규시즌
2023.02.15 수,19:00,안양 정관장 아레나,종료  안양 정관장  89  창원 LG  67,정규시즌
2023.02.16 목,19:00,대구체육관,종료  대구 한국가스공사  77  울산 현대모비스  84,정규시즌
2023.02.16 목,19:00,잠실실내체육관,종료  서울 삼성  113  서울 SK  115,정규시즌
2023.02.17 금,19:00,창원체육관,종료  창원 LG  85  고양 캐롯  68,정규시즌
2023.02.17 금,19:00,안양 정관장 아레나,종료  안양 정관장  88  부산 KCC  79,정규시즌
2023.02.18 토,14:00,원주종합체육관,종료  원주 DB  73  서울 SK  92,정규시즌
2023.02.18 토,14:00,잠실실내체육관,종료  서울 삼성  66  대구 한국가스공사  89,정규시즌
2023.02.18 토,16:00,울산동천체육관,종료  울산 현대모비스  69  수원 KT  59,정규시즌
2023.02.19 일,14:00,고양 소노 아레나,종료  고양 캐롯  92  서울 삼성  86,정규시즌
2023.02.19 일,14:00,대구체육관,종료  대구 한국가스공사  81  부산 KCC  79,정규시즌
2023.02.19 일,16:00,잠실학생체육관,종료  서울 SK  85  안양 정관장  79,정규시즌
2023.02.20 월,경기가 없습니다.,경기가 없습니다.,경기가 없습니다.,경기가 없습니다.
2023.02.21 화,경기가 없습니다.,경기가 없습니다.,경기가 없습니다.,경기가 없습니다.
2023.02.22 수,경기가 없습니다.,경기가 없습니다.,경기가 없습니다.,경기가 없습니다.
2023.02.23 목,19:00,전주실내체육관,종료  부산 KCC  73  서울 SK  68,정규시즌
2023.02.24 금,경기가 없습니다.,경기가 없습니다.,경기가 없습니다.,경기가 없습니다.
2023.02.25 토,14:00,원주종합체육관,종료  원주 DB  71  부산 KCC  75,정규시즌
2023.02.26 일,14:00,안양 정관장 아레나,종료  안양 정관장  73  대구 한국가스공사  64,정규시즌
2023.02.27 월,경기가 없습니다.,경기가 없습니다.,경기가 없습니다.,경기가 없습니다.
2023.02.28 화,경기가 없습니다.,경기가 없습니다.,경기가 없습니다.,경기가 없습니다.
2023.03.01 수,14:00,전주실내체육관,종료  부산 KCC  79  서울 삼성  73,정규시즌
2023.03.01 수,14:00,대구체육관,종료  대구 한국가스공사  83  고양 캐롯  76,정규시즌
2023.03.01 수,16:00,수원 KT 아레나,종료  수원 KT  77  원주 DB  65,정규시즌
2023.03.02 목,19:00,울산동천체육관,종료  울산 현대모비스  80  창원 LG  94,정규시즌
2023.03.03 금,경기가 없습니다.,경기가 없습니다.,경기가 없습니다.,경기가 없습니다.
2023.03.04 토,14:00,원주종합체육관,종료  원주 DB  81  대구 한국가스공사  78,정규시즌
2023.03.04 토,14:00,고양 소노 아레나,종료  고양 캐롯  80  부산 KCC  60,정규시즌
2023.03.04 토,16:00,잠실실내체육관,종료  서울 삼성  88  울산 현대모비스  92,정규시즌
2023.03.04 토,16:00,창원체육관,종료  창원 LG  84  수원 KT  67,정규시즌
2023.03.05 일,경기가 없습니다.,경기가 없습니다.,경기가 없습니다.,경기가 없습니다.
2023.03.06 월,경기가 없습니다.,경기가 없습니다.,경기가 없습니다.,경기가 없습니다.
2023.03.07 화,19:00,원주종합체육관,종료  원주 DB  91  고양 캐롯  96,정규시즌
2023.03.08 수,19:00,잠실학생체육관,종료  서울 SK  94  수원 KT  91,정규시즌
2023.03.09 목,19:00,전주실내체육관,종료  부산 KCC  57  창원 LG  87,정규시즌
2023.03.09 목,19:00,대구체육관,종료  대구 한국가스공사  86  고양 캐롯  80,정규시즌
2023.03.10 금,19:00,울산동천체육관,종료  울산 현대모비스  75  서울 SK  85,정규시즌
2023.03.10 금,19:00,잠실실내체육관,종료  서울 삼성  82  안양 정관장  79,정규시즌
2023.03.11 토,15:00,고양 소노 아레나,종료  고양 캐롯  92  창원 LG  83,정규시즌
2023.03.11 토,15:00,전주실내체육관,종료  부산 KCC  84  원주 DB  64,정규시즌
2023.03.11 토,17:00,대구체육관,종료  대구 한국가스공사  83  수원 KT  86,정규시즌
2023.03.12 일,15:00,전주실내체육관,종료  부산 KCC  78  서울 삼성  75,정규시즌
2023.03.12 일,15:00,잠실학생체육관,종료  서울 SK  74  안양 정관장  73,정규시즌
2023.03.12 일,17:00,원주종합체육관,종료  원주 DB  66  울산 현대모비스  84,정규시즌
2023.03.13 월,19:00,수원 KT 아레나,종료  수원 KT  72  고양 캐롯  76,정규시즌
2023.03.14 화,19:00,울산동천체육관,종료  울산 현대모비스  86  대구 한국가스공사  75,정규시즌
2023.03.15 수,19:00,고양 소노 아레나,종료  고양 캐롯  67  부산 KCC  76,정규시즌
2023.03.16 목,19:00,잠실실내체육관,종료  서울 삼성  58  원주 DB  71,정규시즌
2023.03.16 목,19:00,안양 정관장 아레나,종료  안양 정관장  75  창원 LG  76,정규시즌
2023.03.17 금,19:00,대구체육관,종료  대구 한국가스공사  105  서울 SK  107,정규시즌
2023.03.17 금,19:00,울산동천체육관,종료  울산 현대모비스  79  부산 KCC  68,정규시즌
2023.03.18 토,15:00,잠실실내체육관,종료  서울 삼성  76  창원 LG  77,정규시즌
2023.03.18 토,17:00,원주종합체육관,종료  원주 DB  68  고양 캐롯  57,정규시즌
2023.03.18 토,17:00,안양 정관장 아레나,종료  안양 정관장  76  수원 KT  68,정규시즌
2023.03.19 일,17:00,잠실실내체육관,종료  서울 삼성  72  서울 SK  78,정규시즌
2023.03.19 일,17:00,수원 KT 아레나,종료  수원 KT  77  울산 현대모비스  92,정규시즌
2023.03.19 일,19:00,창원체육관,종료  창원 LG  59  원주 DB  65,정규시즌
2023.03.20 월,19:00,안양 정관장 아레나,종료  안양 정관장  98  부산 KCC  74,정규시즌
2023.03.21 화,19:00,울산동천체육관,종료  울산 현대모비스  98  서울 삼성  80,정규시즌
2023.03.22 수,19:00,잠실학생체육관,종료  서울 SK  88  고양 캐롯  73,정규시즌
2023.03.23 목,19:00,창원체육관,종료  창원 LG  83  대구 한국가스공사  79,정규시즌
2023.03.23 목,19:00,원주종합체육관,종료  원주 DB  82  수원 KT  70,정규시즌
2023.03.24 금,19:00,잠실학생체육관,종료  서울 SK  95  부산 KCC  91,정규시즌
2023.03.24 금,19:00,울산동천체육관,종료  울산 현대모비스  94  안양 정관장  89,정규시즌
2023.03.25 토,17:00,수원 KT 아레나,종료  수원 KT  80  창원 LG  85,정규시즌
2023.03.25 토,17:00,잠실실내체육관,종료  서울 삼성  66  고양 캐롯  88,정규시즌
2023.03.25 토,19:00,원주종합체육관,종료  원주 DB  84  대구 한국가스공사  83,정규시즌
2023.03.26 일,17:00,전주실내체육관,종료  부산 KCC  89  수원 KT  88,정규시즌
2023.03.26 일,17:00,창원체육관,종료  창원 LG  69  서울 SK  74,정규시즌
2023.03.26 일,19:00,안양 정관장 아레나,종료  안양 정관장  76  원주 DB  71,정규시즌
2023.03.27 월,19:00,고양 소노 아레나,종료  고양 캐롯  83  울산 현대모비스  88,정규시즌
2023.03.27 월,19:00,잠실실내체육관,종료  서울 삼성  78  대구 한국가스공사  57,정규시즌
2023.03.28 화,경기가 없습니다.,경기가 없습니다.,경기가 없습니다.,경기가 없습니다.
2023.03.29 수,19:00,잠실학생체육관,종료  서울 SK  86  원주 DB  75,정규시즌
2023.03.29 수,19:00,창원체육관,종료  창원 LG  97  울산 현대모비스  88,정규시즌
2023.03.29 수,19:00,수원 KT 아레나,종료  수원 KT  84  서울 삼성  81,정규시즌
2023.03.29 수,19:00,전주실내체육관,종료  부산 KCC  57  대구 한국가스공사  75,정규시즌
2023.03.29 수,19:00,고양 소노 아레나,종료  고양 캐롯  101  안양 정관장  72,정규시즌
2023.03.30 목,경기가 없습니다.,경기가 없습니다.,경기가 없습니다.,경기가 없습니다.
2023.03.31 금,경기가 없습니다.,경기가 없습니다.,경기가 없습니다.,경기가 없습니다.
2023.04.01 토,경기가 없습니다.,경기가 없습니다.,경기가 없습니다.,경기가 없습니다.
2023.04.02 일,18:00,울산동천체육관,종료  울산 현대모비스  86  고양 캐롯  71,플레이오프
2023.04.03 월,19:00,잠실학생체육관,종료  서울 SK  89  부산 KCC  73,플레이오프
2023.04.04 화,19:00,울산동천체육관,종료  울산 현대모비스  79  고양 캐롯  86,플레이오프
2023.04.05 수,19:00,잠실학생체육관,종료  서울 SK  98  부산 KCC  92,플레이오프
2023.04.06 목,19:00,고양 소노 아레나,종료  고양 캐롯  69  울산 현대모비스  84,플레이오프
2023.04.07 금,19:00,전주실내체육관,종료  부산 KCC  72  서울 SK  77,플레이오프
2023.04.08 토,14:00,고양 소노 아레나,종료  고양 캐롯  87  울산 현대모비스  80,플레이오프
2023.04.09 일,경기가 없습니다.,경기가 없습니다.,경기가 없습니다.,경기가 없습니다.
2023.04.10 월,19:00,울산동천체육관,종료  울산 현대모비스  71  고양 캐롯  77,플레이오프
2023.04.11 화,경기가 없습니다.,경기가 없습니다.,경기가 없습니다.,경기가 없습니다.
2023.04.12 수,경기가 없습니다.,경기가 없습니다.,경기가 없습니다.,경기가 없습니다.
2023.04.13 목,19:00,안양 정관장 아레나,종료  안양 정관장  99  고양 캐롯  43,플레이오프
2023.04.14 금,19:00,창원체육관,종료  창원 LG  68  서울 SK  73,플레이오프
2023.04.15 토,14:00,안양 정관장 아레나,종료  안양 정관장  75  고양 캐롯  89,플레이오프
2023.04.16 일,18:00,창원체육관,종료  창원 LG  91  서울 SK  92,플레이오프
2023.04.17 월,19:00,고양 소노 아레나,종료  고양 캐롯  72  안양 정관장  76,플레이오프
2023.04.18 화,19:00,잠실학생체육관,종료  서울 SK  85  창원 LG  84,플레이오프
2023.04.19 수,19:00,고양 소노 아레나,종료  고양 캐롯  61  안양 정관장  89,플레이오프
2023.04.20 목,경기가 없습니다.,경기가 없습니다.,경기가 없습니다.,경기가 없습니다.
2023.04.21 금,경기가 없습니다.,경기가 없습니다.,경기가 없습니다.,경기가 없습니다.
2023.04.22 토,경기가 없습니다.,경기가 없습니다.,경기가 없습니다.,경기가 없습니다.
2023.04.23 일,경기가 없습니다.,경기가 없습니다.,경기가 없습니다.,경기가 없습니다.
2023.04.24 월,경기가 없습니다.,경기가 없습니다.,경기가 없습니다.,경기가 없습니다.
2023.04.25 화,19:00,안양 정관장 아레나,종료  안양 정관장  69  서울 SK  77,챔피언결정전
2023.04.26 수,경기가 없습니다.,경기가 없습니다.,경기가 없습니다.,경기가 없습니다.
2023.04.27 목,19:00,안양 정관장 아레나,종료  안양 정관장  81  서울 SK  67,챔피언결정전
2023.04.28 금,경기가 없습니다.,경기가 없습니다.,경기가 없습니다.,경기가 없습니다.
2023.04.29 토,14:00,잠실학생체육관,종료  서울 SK  70  안양 정관장  81,챔피언결정전
2023.04.30 일,경기가 없습니다.,경기가 없습니다.,경기가 없습니다.,경기가 없습니다.
2023.05.01 월,19:00,잠실학생체육관,종료  서울 SK  100  안양 정관장  91,챔피언결정전
2023.05.02 화,경기가 없습니다.,경기가 없습니다.,경기가 없습니다.,경기가 없습니다.
2023.05.03 수,19:00,잠실학생체육관,종료  서울 SK  66  안양 정관장  60,챔피언결정전
2023.05.04 목,경기가 없습니다.,경기가 없습니다.,경기가 없습니다.,경기가 없습니다.
2023.05.05 금,18:00,안양 정관장 아레나,종료  안양 정관장  86  서울 SK  77,챔피언결정전
2023.05.06 토,경기가 없습니다.,경기가 없습니다.,경기가 없습니다.,경기가 없습니다.
2023.05.07 일,18:00,안양 정관장 아레나,종료  안양 정관장  100  서울 SK  97,챔피언결정전
2023.05.08 월,경기가 없습니다.,경기가 없습니다.,경기가 없습니다.,경기가 없습니다.
2023.05.09 화,경기가 없습니다.,경기가 없습니다.,경기가 없습니다.,경기가 없습니다.
2023.05.10 수,경기가 없습니다.,경기가 없습니다.,경기가 없습니다.,경기가 없습니다.
2023.05.11 목,경기가 없습니다.,경기가 없습니다.,경기가 없습니다.,경기가 없습니다.
2023.05.12 금,경기가 없습니다.,경기가 없습니다.,경기가 없습니다.,경기가 없습니다.
2023.05.13 토,경기가 없습니다.,경기가 없습니다.,경기가 없습니다.,경기가 없습니다.
2023.05.14 일,경기가 없습니다.,경기가 없습니다.,경기가 없습니다.,경기가 없습니다.
2023.05.15 월,경기가 없습니다.,경기가 없습니다.,경기가 없습니다.,경기가 없습니다.
2023.05.16 화,경기가 없습니다.,경기가 없습니다.,경기가 없습니다.,경기가 없습니다.
2023.05.17 수,경기가 없습니다.,경기가 없습니다.,경기가 없습니다.,경기가 없습니다.
2023.05.18 목,경기가 없습니다.,경기가 없습니다.,경기가 없습니다.,경기가 없습니다.
2023.05.19 금,경기가 없습니다.,경기가 없습니다.,경기가 없습니다.,경기가 없습니다.
2023.05.20 토,경기가 없습니다.,경기가 없습니다.,경기가 없습니다.,경기가 없습니다.
2023.05.21 일,경기가 없습니다.,경기가 없습니다.,경기가 없습니다.,경기가 없습니다.
2023.05.22 월,경기가 없습니다.,경기가 없습니다.,경기가 없습니다.,경기가 없습니다.
2023.05.23 화,경기가 없습니다.,경기가 없습니다.,경기가 없습니다.,경기가 없습니다.
2023.05.24 수,경기가 없습니다.,경기가 없습니다.,경기가 없습니다.,경기가 없습니다.
2023.05.25 목,경기가 없습니다.,경기가 없습니다.,경기가 없습니다.,경기가 없습니다.
2023.05.26 금,경기가 없습니다.,경기가 없습니다.,경기가 없습니다.,경기가 없습니다.
2023.05.27 토,경기가 없습니다.,경기가 없습니다.,경기가 없습니다.,경기가 없습니다.
2023.05.28 일,경기가 없습니다.,경기가 없습니다.,경기가 없습니다.,경기가 없습니다.
2023.05.29 월,경기가 없습니다.,경기가 없습니다.,경기가 없습니다.,경기가 없습니다.
2023.05.30 화,경기가 없습니다.,경기가 없습니다.,경기가 없습니다.,경기가 없습니다.
2023.05.31 수,경기가 없습니다.,경기가 없습니다.,경기가 없습니다.,경기가 없습니다.
2023.06.01 목,경기가 없습니다.,경기가 없습니다.,경기가 없습니다.,경기가 없습니다.
2023.06.02 금,경기가 없습니다.,경기가 없습니다.,경기가 없습니다.,경기가 없습니다.
2023.06.03 토,경기가 없습니다.,경기가 없습니다.,경기가 없습니다.,경기가 없습니다.
2023.06.04 일,경기가 없습니다.,경기가 없습니다.,경기가 없습니다.,경기가 없습니다.
2023.06.05 월,경기가 없습니다.,경기가 없습니다.,경기가 없습니다.,경기가 없습니다.
2023.06.06 화,경기가 없습니다.,경기가 없습니다.,경기가 없습니다.,경기가 없습니다.
2023.06.07 수,경기가 없습니다.,경기가 없습니다.,경기가 없습니다.,경기가 없습니다.
2023.06.08 목,경기가 없습니다.,경기가 없습니다.,경기가 없습니다.,경기가 없습니다.
2023.06.09 금,경기가 없습니다.,경기가 없습니다.,경기가 없습니다.,경기가 없습니다.
2023.06.10 토,경기가 없습니다.,경기가 없습니다.,경기가 없습니다.,경기가 없습니다.
2023.06.11 일,경기가 없습니다.,경기가 없습니다.,경기가 없습니다.,경기가 없습니다.
2023.06.12 월,경기가 없습니다.,경기가 없습니다.,경기가 없습니다.,경기가 없습니다.
2023.06.13 화,경기가 없습니다.,경기가 없습니다.,경기가 없습니다.,경기가 없습니다.
2023.06.14 수,경기가 없습니다.,경기가 없습니다.,경기가 없습니다.,경기가 없습니다.
2023.06.15 목,경기가 없습니다.,경기가 없습니다.,경기가 없습니다.,경기가 없습니다.
2023.06.16 금,경기가 없습니다.,경기가 없습니다.,경기가 없습니다.,경기가 없습니다.
2023.06.17 토,경기가 없습니다.,경기가 없습니다.,경기가 없습니다.,경기가 없습니다.
2023.06.18 일,경기가 없습니다.,경기가 없습니다.,경기가 없습니다.,경기가 없습니다.
2023.06.19 월,경기가 없습니다.,경기가 없습니다.,경기가 없습니다.,경기가 없습니다.
2023.06.20 화,경기가 없습니다.,경기가 없습니다.,경기가 없습니다.,경기가 없습니다.
2023.06.21 수,경기가 없습니다.,경기가 없습니다.,경기가 없습니다.,경기가 없습니다.
2023.06.22 목,경기가 없습니다.,경기가 없습니다.,경기가 없습니다.,경기가 없습니다.
2023.06.23 금,경기가 없습니다.,경기가 없습니다.,경기가 없습니다.,경기가 없습니다.
2023.06.24 토,경기가 없습니다.,경기가 없습니다.,경기가 없습니다.,경기가 없습니다.
2023.06.25 일,경기가 없습니다.,경기가 없습니다.,경기가 없습니다.,경기가 없습니다.
2023.06.26 월,경기가 없습니다.,경기가 없습니다.,경기가 없습니다.,경기가 없습니다.
2023.06.27 화,경기가 없습니다.,경기가 없습니다.,경기가 없습니다.,경기가 없습니다.
2023.06.28 수,경기가 없습니다.,경기가 없습니다.,경기가 없습니다.,경기가 없습니다.
2023.06.29 목,경기가 없습니다.,경기가 없습니다.,경기가 없습니다.,경기가 없습니다.
2023.06.30 금,경기가 없습니다.,경기가 없습니다.,경기가 없습니다.,경기가 없습니다.
2023.07.01 토,경기가 없습니다.,경기가 없습니다.,경기가 없습니다.,경기가 없습니다.
2023.07.02 일,경기가 없습니다.,경기가 없습니다.,경기가 없습니다.,경기가 없습니다.
2023.07.03 월,경기가 없습니다.,경기가 없습니다.,경기가 없습니다.,경기가 없습니다.
2023.07.04 화,경기가 없습니다.,경기가 없습니다.,경기가 없습니다.,경기가 없습니다.
2023.07.05 수,경기가 없습니다.,경기가 없습니다.,경기가 없습니다.,경기가 없습니다.
2023.07.06 목,경기가 없습니다.,경기가 없습니다.,경기가 없습니다.,경기가 없습니다.
2023.07.07 금,경기가 없습니다.,경기가 없습니다.,경기가 없습니다.,경기가 없습니다.
2023.07.08 토,경기가 없습니다.,경기가 없습니다.,경기가 없습니다.,경기가 없습니다.
2023.07.09 일,경기가 없습니다.,경기가 없습니다.,경기가 없습니다.,경기가 없습니다.
2023.07.10 월,경기가 없습니다.,경기가 없습니다.,경기가 없습니다.,경기가 없습니다.
2023.07.11 화,경기가 없습니다.,경기가 없습니다.,경기가 없습니다.,경기가 없습니다.
2023.07.12 수,경기가 없습니다.,경기가 없습니다.,경기가 없습니다.,경기가 없습니다.
2023.07.13 목,경기가 없습니다.,경기가 없습니다.,경기가 없습니다.,경기가 없습니다.
2023.07.14 금,경기가 없습니다.,경기가 없습니다.,경기가 없습니다.,경기가 없습니다.
2023.07.15 토,경기가 없습니다.,경기가 없습니다.,경기가 없습니다.,경기가 없습니다.
2023.07.16 일,경기가 없습니다.,경기가 없습니다.,경기가 없습니다.,경기가 없습니다.
2023.07.17 월,경기가 없습니다.,경기가 없습니다.,경기가 없습니다.,경기가 없습니다.
2023.07.18 화,경기가 없습니다.,경기가 없습니다.,경기가 없습니다.,경기가 없습니다.
2023.07.19 수,경기가 없습니다.,경기가 없습니다.,경기가 없습니다.,경기가 없습니다.
2023.07.20 목,경기가 없습니다.,경기가 없습니다.,경기가 없습니다.,경기가 없습니다.
2023.07.21 금,경기가 없습니다.,경기가 없습니다.,경기가 없습니다.,경기가 없습니다.
2023.07.22 토,경기가 없습니다.,경기가 없습니다.,경기가 없습니다.,경기가 없습니다.
2023.07.23 일,경기가 없습니다.,경기가 없습니다.,경기가 없습니다.,경기가 없습니다.
2023.07.24 월,경기가 없습니다.,경기가 없습니다.,경기가 없습니다.,경기가 없습니다.
2023.07.25 화,경기가 없습니다.,경기가 없습니다.,경기가 없습니다.,경기가 없습니다.
2023.07.26 수,경기가 없습니다.,경기가 없습니다.,경기가 없습니다.,경기가 없습니다.
2023.07.27 목,경기가 없습니다.,경기가 없습니다.,경기가 없습니다.,경기가 없습니다.
2023.07.28 금,경기가 없습니다.,경기가 없습니다.,경기가 없습니다.,경기가 없습니다.
2023.07.29 토,경기가 없습니다.,경기가 없습니다.,경기가 없습니다.,경기가 없습니다.
2023.07.30 일,경기가 없습니다.,경기가 없습니다.,경기가 없습니다.,경기가 없습니다.
2023.07.31 월,경기가 없습니다.,경기가 없습니다.,경기가 없습니다.,경기가 없습니다.
2023.08.01 화,경기가 없습니다.,경기가 없습니다.,경기가 없습니다.,경기가 없습니다.
2023.08.02 수,경기가 없습니다.,경기가 없습니다.,경기가 없습니다.,경기가 없습니다.
2023.08.03 목,경기가 없습니다.,경기가 없습니다.,경기가 없습니다.,경기가 없습니다.
2023.08.04 금,경기가 없습니다.,경기가 없습니다.,경기가 없습니다.,경기가 없습니다.
2023.08.05 토,경기가 없습니다.,경기가 없습니다.,경기가 없습니다.,경기가 없습니다.
2023.08.06 일,경기가 없습니다.,경기가 없습니다.,경기가 없습니다.,경기가 없습니다.
2023.08.07 월,경기가 없습니다.,경기가 없습니다.,경기가 없습니다.,경기가 없습니다.
2023.08.08 화,경기가 없습니다.,경기가 없습니다.,경기가 없습니다.,경기가 없습니다.
2023.08.09 수,경기가 없습니다.,경기가 없습니다.,경기가 없습니다.,경기가 없습니다.
2023.08.10 목,경기가 없습니다.,경기가 없습니다.,경기가 없습니다.,경기가 없습니다.
2023.08.11 금,경기가 없습니다.,경기가 없습니다.,경기가 없습니다.,경기가 없습니다.
2023.08.12 토,경기가 없습니다.,경기가 없습니다.,경기가 없습니다.,경기가 없습니다.
2023.08.13 일,경기가 없습니다.,경기가 없습니다.,경기가 없습니다.,경기가 없습니다.
2023.08.14 월,경기가 없습니다.,경기가 없습니다.,경기가 없습니다.,경기가 없습니다.
2023.08.15 화,경기가 없습니다.,경기가 없습니다.,경기가 없습니다.,경기가 없습니다.
2023.08.16 수,경기가 없습니다.,경기가 없습니다.,경기가 없습니다.,경기가 없습니다.
2023.08.17 목,경기가 없습니다.,경기가 없습니다.,경기가 없습니다.,경기가 없습니다.
2023.08.18 금,경기가 없습니다.,경기가 없습니다.,경기가 없습니다.,경기가 없습니다.
2023.08.19 토,경기가 없습니다.,경기가 없습니다.,경기가 없습니다.,경기가 없습니다.
2023.08.20 일,경기가 없습니다.,경기가 없습니다.,경기가 없습니다.,경기가 없습니다.
2023.08.21 월,경기가 없습니다.,경기가 없습니다.,경기가 없습니다.,경기가 없습니다.
2023.08.22 화,경기가 없습니다.,경기가 없습니다.,경기가 없습니다.,경기가 없습니다.
2023.08.23 수,경기가 없습니다.,경기가 없습니다.,경기가 없습니다.,경기가 없습니다.
2023.08.24 목,경기가 없습니다.,경기가 없습니다.,경기가 없습니다.,경기가 없습니다.
2023.08.25 금,경기가 없습니다.,경기가 없습니다.,경기가 없습니다.,경기가 없습니다.
2023.08.26 토,경기가 없습니다.,경기가 없습니다.,경기가 없습니다.,경기가 없습니다.
2023.08.27 일,경기가 없습니다.,경기가 없습니다.,경기가 없습니다.,경기가 없습니다.
2023.08.28 월,경기가 없습니다.,경기가 없습니다.,경기가 없습니다.,경기가 없습니다.
2023.08.29 화,경기가 없습니다.,경기가 없습니다.,경기가 없습니다.,경기가 없습니다.
2023.08.30 수,경기가 없습니다.,경기가 없습니다.,경기가 없습니다.,경기가 없습니다.
2023.08.31 목,경기가 없습니다.,경기가 없습니다.,경기가 없습니다.,경기가 없습니다.
2023.09.01 금,경기가 없습니다.,경기가 없습니다.,경기가 없습니다.,경기가 없습니다.
2023.09.02 토,경기가 없습니다.,경기가 없습니다.,경기가 없습니다.,경기가 없습니다.
2023.09.03 일,경기가 없습니다.,경기가 없습니다.,경기가 없습니다.,경기가 없습니다.
2023.09.04 월,경기가 없습니다.,경기가 없습니다.,경기가 없습니다.,경기가 없습니다.
2023.09.05 화,경기가 없습니다.,경기가 없습니다.,경기가 없습니다.,경기가 없습니다.
2023.09.06 수,경기가 없습니다.,경기가 없습니다.,경기가 없습니다.,경기가 없습니다.
2023.09.07 목,경기가 없습니다.,경기가 없습니다.,경기가 없습니다.,경기가 없습니다.
2023.09.08 금,경기가 없습니다.,경기가 없습니다.,경기가 없습니다.,경기가 없습니다.
2023.09.09 토,경기가 없습니다.,경기가 없습니다.,경기가 없습니다.,경기가 없습니다.
2023.09.10 일,경기가 없습니다.,경기가 없습니다.,경기가 없습니다.,경기가 없습니다.
2023.09.11 월,경기가 없습니다.,경기가 없습니다.,경기가 없습니다.,경기가 없습니다.
2023.09.12 화,경기가 없습니다.,경기가 없습니다.,경기가 없습니다.,경기가 없습니다.
2023.09.13 수,경기가 없습니다.,경기가 없습니다.,경기가 없습니다.,경기가 없습니다.
2023.09.14 목,경기가 없습니다.,경기가 없습니다.,경기가 없습니다.,경기가 없습니다.
2023.09.15 금,경기가 없습니다.,경기가 없습니다.,경기가 없습니다.,경기가 없습니다.
2023.09.16 토,경기가 없습니다.,경기가 없습니다.,경기가 없습니다.,경기가 없습니다.
2023.09.17 일,경기가 없습니다.,경기가 없습니다.,경기가 없습니다.,경기가 없습니다.
2023.09.18 월,경기가 없습니다.,경기가 없습니다.,경기가 없습니다.,경기가 없습니다.
2023.09.19 화,경기가 없습니다.,경기가 없습니다.,경기가 없습니다.,경기가 없습니다.
2023.09.20 수,경기가 없습니다.,경기가 없습니다.,경기가 없습니다.,경기가 없습니다.
2023.09.21 목,경기가 없습니다.,경기가 없습니다.,경기가 없습니다.,경기가 없습니다.
2023.09.22 금,경기가 없습니다.,경기가 없습니다.,경기가 없습니다.,경기가 없습니다.
2023.09.23 토,경기가 없습니다.,경기가 없습니다.,경기가 없습니다.,경기가 없습니다.
2023.09.24 일,경기가 없습니다.,경기가 없습니다.,경기가 없습니다.,경기가 없습니다.
2023.09.25 월,경기가 없습니다.,경기가 없습니다.,경기가 없습니다.,경기가 없습니다.
2023.09.26 화,경기가 없습니다.,경기가 없습니다.,경기가 없습니다.,경기가 없습니다.
2023.09.27 수,경기가 없습니다.,경기가 없습니다.,경기가 없습니다.,경기가 없습니다.
2023.09.28 목,경기가 없습니다.,경기가 없습니다.,경기가 없습니다.,경기가 없습니다.
2023.09.29 금,경기가 없습니다.,경기가 없습니다.,경기가 없습니다.,경기가 없습니다.
2023.09.30 토,경기가 없습니다.,경기가 없습니다.,경기가 없습니다.,경기가 없습니다.
2023.10.01 일,경기가 없습니다.,경기가 없습니다.,경기가 없습니다.,경기가 없습니다.
2023.10.02 월,경기가 없습니다.,경기가 없습니다.,경기가 없습니다.,경기가 없습니다.
2023.10.03 화,경기가 없습니다.,경기가 없습니다.,경기가 없습니다.,경기가 없습니다.
2023.10.04 수,경기가 없습니다.,경기가 없습니다.,경기가 없습니다.,경기가 없습니다.
2023.10.05 목,경기가 없습니다.,경기가 없습니다.,경기가 없습니다.,경기가 없습니다.
2023.10.06 금,경기가 없습니다.,경기가 없습니다.,경기가 없습니다.,경기가 없습니다.
2023.10.07 토,경기가 없습니다.,경기가 없습니다.,경기가 없습니다.,경기가 없습니다.
2023.10.08 일,경기가 없습니다.,경기가 없습니다.,경기가 없습니다.,경기가 없습니다.
2023.10.09 월,경기가 없습니다.,경기가 없습니다.,경기가 없습니다.,경기가 없습니다.
2023.10.10 화,경기가 없습니다.,경기가 없습니다.,경기가 없습니다.,경기가 없습니다.
2023.10.11 수,경기가 없습니다.,경기가 없습니다.,경기가 없습니다.,경기가 없습니다.
2023.10.12 목,경기가 없습니다.,경기가 없습니다.,경기가 없습니다.,경기가 없습니다.
2023.10.13 금,경기가 없습니다.,경기가 없습니다.,경기가 없습니다.,경기가 없습니다.
2023.10.14 토,경기가 없습니다.,경기가 없습니다.,경기가 없습니다.,경기가 없습니다.
2023.10.15 일,경기가 없습니다.,경기가 없습니다.,경기가 없습니다.,경기가 없습니다.
2023.10.16 월,경기가 없습니다.,경기가 없습니다.,경기가 없습니다.,경기가 없습니다.
2023.10.17 화,경기가 없습니다.,경기가 없습니다.,경기가 없습니다.,경기가 없습니다.
2023.10.18 수,경기가 없습니다.,경기가 없습니다.,경기가 없습니다.,경기가 없습니다.
2023.10.19 목,경기가 없습니다.,경기가 없습니다.,경기가 없습니다.,경기가 없습니다.
2023.10.20 금,경기가 없습니다.,경기가 없습니다.,경기가 없습니다.,경기가 없습니다.
2023.10.21 토,14:00,안양 정관장 아레나,종료  안양 정관장  74  서울 SK  89,정규시즌
2023.10.21 토,14:00,창원체육관,종료  창원 LG  66  수원 KT  71,정규시즌
2023.10.21 토,16:00,울산동천체육관,종료  울산 현대모비스  87  대구 한국가스공사  62,정규시즌
2023.10.22 일,14:00,잠실학생체육관,종료  서울 SK  85  수원 KT  80,정규시즌
2023.10.22 일,14:00,고양 소노 아레나,종료  고양 소노  89  원주 DB  110,정규시즌
2023.10.22 일,16:00,부산사직체육관,종료  부산 KCC  106  서울 삼성  100,정규시즌
2023.10.23 월,19:00,울산동천체육관,종료  울산 현대모비스  76  창원 LG  74,정규시즌
2023.10.24 화,19:00,고양 소노 아레나,종료  고양 소노  79  서울 SK  90,정규시즌
2023.10.25 수,경기가 없습니다.,경기가 없습니다.,경기가 없습니다.,경기가 없습니다.
2023.10.26 목,19:00,창원체육관,종료  창원 LG  76  원주 DB  85,정규시즌
2023.10.27 금,19:00,울산동천체육관,종료  울산 현대모비스  78  서울 SK  67,정규시즌
2023.10.27 금,19:00,잠실실내체육관,종료  서울 삼성  98  고양 소노  78,정규시즌
2023.10.28 토,14:00,원주종합체육관,종료  원주 DB  101  부산 KCC  90,정규시즌
2023.10.28 토,14:00,대구체육관,종료  대구 한국가스공사  83  창원 LG  92,정규시즌
2023.10.28 토,16:00,수원 KT 아레나,종료  수원 KT  59  안양 정관장  63,정규시즌
2023.10.29 일,14:00,잠실실내체육관,종료  서울 삼성  69  창원 LG  90,정규시즌
2023.10.29 일,14:00,대구체육관,종료  대구 한국가스공사  96  서울 SK  94,정규시즌
2023.10.29 일,16:00,고양 소노 아레나,종료  고양 소노  99  울산 현대모비스  88,정규시즌
2023.10.30 월,19:00,수원 KT 아레나,종료  수원 KT  84  원주 DB  91,정규시즌
2023.10.31 화,19:00,안양 정관장 아레나,종료  안양 정관장  75  울산 현대모비스  86,정규시즌
2023.10.31 화,19:00,잠실실내체육관,종료  서울 삼성  84  대구 한국가스공사  80,정규시즌
2023.11.01 수,경기가 없습니다.,경기가 없습니다.,경기가 없습니다.,경기가 없습니다.
2023.11.02 목,19:00,창원체육관,종료  창원 LG  87  고양 소노  73,정규시즌
2023.11.02 목,19:00,잠실실내체육관,종료  서울 삼성  74  안양 정관장  96,정규시즌
2023.11.03 금,19:00,울산동천체육관,종료  울산 현대모비스  79  부산 KCC  91,정규시즌
2023.11.03 금,19:00,대구체육관,종료  대구 한국가스공사  79  원주 DB  94,정규시즌
2023.11.04 토,14:00,창원체육관,종료  창원 LG  69  서울 SK  50,정규시즌
2023.11.04 토,14:00,안양 정관장 아레나,종료  안양 정관장  82  고양 소노  84,정규시즌
2023.11.04 토,16:00,잠실실내체육관,종료  서울 삼성  87  수원 KT  90,정규시즌
2023.11.05 일,14:00,울산동천체육관,종료  울산 현대모비스  79  원주 DB  90,정규시즌
2023.11.05 일,16:00,대구체육관,종료  대구 한국가스공사  80  안양 정관장  91,정규시즌
2023.11.06 월,19:00,수원 KT 아레나,종료  수원 KT  101  고양 소노  65,정규시즌
2023.11.07 화,19:00,안양 정관장 아레나,종료  안양 정관장  74  부산 KCC  72,정규시즌
2023.11.07 화,19:00,원주종합체육관,종료  원주 DB  94  서울 삼성  58,정규시즌
2023.11.08 수,경기가 없습니다.,경기가 없습니다.,경기가 없습니다.,경기가 없습니다.
2023.11.09 목,19:00,수원 KT 아레나,종료  수원 KT  91  대구 한국가스공사  69,정규시즌
2023.11.09 목,19:02,울산동천체육관,종료  울산 현대모비스  77  서울 삼성  69,정규시즌
2023.11.10 금,19:00,창원체육관,종료  창원 LG  104  부산 KCC  84,정규시즌
2023.11.10 금,19:00,원주종합체육관,종료  원주 DB  94  안양 정관장  99,정규시즌
2023.11.11 토,14:00,잠실실내체육관,종료  서울 삼성  80  서울 SK  82,정규시즌
2023.11.11 토,14:00,대구체육관,종료  대구 한국가스공사  90  고양 소노  100,정규시즌
2023.11.11 토,16:00,수원 KT 아레나,종료  수원 KT  75  울산 현대모비스  74,정규시즌
2023.11.12 일,14:00,원주종합체육관,종료  원주 DB  106  서울 SK  76,정규시즌
2023.11.12 일,14:00,안양 정관장 아레나,종료  안양 정관장  85  창원 LG  71,정규시즌
2023.11.12 일,16:00,고양 소노 아레나,종료  고양 소노  93  부산 KCC  84,정규시즌
2023.11.13 월,19:00,울산동천체육관,종료  울산 현대모비스  61  수원 KT  77,정규시즌
2023.11.14 화,19:00,원주종합체육관,종료  원주 DB  87  부산 KCC  85,정규시즌
2023.11.14 화,19:00,잠실실내체육관,종료  서울 삼성  63  안양 정관장  81,정규시즌
2023.11.15 수,경기가 없습니다.,경기가 없습니다.,경기가 없습니다.,경기가 없습니다.
2023.11.16 목,19:00,원주종합체육관,종료  원주 DB  81  울산 현대모비스  72,정규시즌
2023.11.16 목,19:00,대구체육관,종료  대구 한국가스공사  74  서울 SK  76,정규시즌
2023.11.17 금,19:00,부산사직체육관,종료  부산 KCC  78  고양 소노  69,정규시즌
2023.11.17 금,19:00,안양 정관장 아레나,종료  안양 정관장  77  창원 LG  106,정규시즌
2023.11.18 토,14:00,수원 KT 아레나,종료  수원 KT  87  서울 SK  102,정규시즌
2023.11.18 토,14:00,울산동천체육관,종료  울산 현대모비스  81  대구 한국가스공사  80,정규시즌
2023.11.18 토,16:00,원주종합체육관,종료  원주 DB  102  서울 삼성  73,정규시즌
2023.11.19 일,14:00,창원체육관,종료  창원 LG  77  대구 한국가스공사  62,정규시즌
2023.11.19 일,14:00,안양 정관장 아레나,종료  안양 정관장  84  부산 KCC  74,정규시즌
2023.11.19 일,16:00,고양 소노 아레나,종료  고양 소노  91  원주 DB  99,정규시즌
2023.11.20 월,19:00,잠실학생체육관,종료  서울 SK  82  서울 삼성  75,정규시즌
2023.11.21 화,19:00,수원 KT 아레나,종료  수원 KT  71  원주 DB  87,정규시즌
2023.11.21 화,19:00,대구체육관,종료  대구 한국가스공사  93  안양 정관장  98,정규시즌
2023.11.22 수,경기가 없습니다.,경기가 없습니다.,경기가 없습니다.,경기가 없습니다.
2023.11.23 목,19:00,창원체육관,종료  창원 LG  97  울산 현대모비스  76,정규시즌
2023.11.23 목,19:00,잠실실내체육관,종료  서울 삼성  84  대구 한국가스공사  63,정규시즌
2023.11.24 금,19:00,안양 정관장 아레나,종료  안양 정관장  85  수원 KT  94,정규시즌
2023.11.24 금,19:00,잠실학생체육관,종료  서울 SK  86  원주 DB  80,정규시즌
2023.11.25 토,14:00,창원체육관,종료  창원 LG  80  고양 소노  49,정규시즌
2023.11.25 토,14:00,잠실실내체육관,종료  서울 삼성  66  울산 현대모비스  80,정규시즌
2023.11.25 토,17:00,부산사직체육관,종료  부산 KCC  81  대구 한국가스공사  96,정규시즌
2023.11.26 일,14:00,수원 KT 아레나,종료  수원 KT  88  서울 삼성  83,정규시즌
2023.11.26 일,14:00,안양 정관장 아레나,종료  안양 정관장  80  원주 DB  97,정규시즌
2023.11.26 일,16:00,고양 소노 아레나,종료  고양 소노  84  서울 SK  77,정규시즌
2023.11.27 월,19:00,부산사직체육관,종료  부산 KCC  91  울산 현대모비스  84,정규시즌
2023.11.28 화,19:00,수원 KT 아레나,종료  수원 KT  93  창원 LG  88,정규시즌
2023.11.28 화,19:00,고양 소노 아레나,종료  고양 소노  86  안양 정관장  82,정규시즌
2023.11.29 수,경기가 없습니다.,경기가 없습니다.,경기가 없습니다.,경기가 없습니다.
2023.11.30 목,19:00,부산사직체육관,종료  부산 KCC  71  수원 KT  85,정규시즌
2023.11.30 목,19:00,잠실학생체육관,종료  서울 SK  73  창원 LG  87,정규시즌
2023.12.01 금,19:00,안양 정관장 아레나,종료  안양 정관장  77  울산 현대모비스  108,정규시즌
2023.12.01 금,19:00,잠실실내체육관,종료  서울 삼성  64  고양 소노  78,정규시즌
2023.12.02 토,14:00,원주종합체육관,종료  원주 DB  70  창원 LG  91,정규시즌
2023.12.02 토,14:00,잠실학생체육관,종료  서울 SK  72  부산 KCC  74,정규시즌
2023.12.02 토,16:00,대구체육관,종료  대구 한국가스공사  81  수원 KT  99,정규시즌
2023.12.03 일,14:00,울산동천체육관,종료  울산 현대모비스  66  고양 소노  71,정규시즌
2023.12.03 일,14:00,잠실학생체육관,종료  서울 SK  85  안양 정관장  71,정규시즌
2023.12.03 일,16:00,부산사직체육관,종료  부산 KCC  77  서울 삼성  74,정규시즌
2023.12.04 월,19:00,원주종합체육관,종료  원주 DB  88  대구 한국가스공사  74,정규시즌
2023.12.05 화,19:00,잠실실내체육관,종료  서울 삼성  82  창원 LG  95,정규시즌
2023.12.05 화,19:09,수원 KT 아레나,종료  수원 KT  86  고양 소노  81,정규시즌
2023.12.06 수,경기가 없습니다.,경기가 없습니다.,경기가 없습니다.,경기가 없습니다.
2023.12.07 목,19:00,창원체육관,종료  창원 LG  85  부산 KCC  81,정규시즌
2023.12.07 목,19:00,울산동천체육관,종료  울산 현대모비스  75  서울 SK  78,정규시즌
2023.12.08 금,19:00,고양 소노 아레나,종료  고양 소노  74  대구 한국가스공사  80,정규시즌
2023.12.08 금,19:00,원주종합체육관,종료  원주 DB  91  서울 삼성  67,정규시즌
2023.12.09 토,14:00,울산동천체육관,종료  울산 현대모비스  93  안양 정관장  78,정규시즌
2023.12.09 토,16:00,창원체육관,종료  창원 LG  84  수원 KT  76,정규시즌
2023.12.10 일,14:00,고양 소노 아레나,종료  고양 소노  76  대구 한국가스공사  84,정규시즌
2023.12.10 일,16:00,원주종합체육관,종료  원주 DB  88  안양 정관장  83,정규시즌
2023.12.11 월,19:00,울산동천체육관,종료  울산 현대모비스  80  창원 LG  88,정규시즌
2023.12.12 화,19:00,수원 KT 아레나,종료  수원 KT  94  서울 삼성  99,정규시즌
2023.12.12 화,19:00,원주종합체육관,종료  원주 DB  91  서울 SK  82,정규시즌
2023.12.12 화,19:00,부산사직체육관,종료  부산 KCC  93  대구 한국가스공사  88,정규시즌
2023.12.13 수,경기가 없습니다.,경기가 없습니다.,경기가 없습니다.,경기가 없습니다.
2023.12.14 목,19:00,대구체육관,종료  대구 한국가스공사  69  서울 SK  81,정규시즌
2023.12.15 금,19:00,수원 KT 아레나,종료  수원 KT  82  고양 소노  64,정규시즌
2023.12.15 금,19:00,부산사직체육관,종료  부산 KCC  94  원주 DB  88,정규시즌
2023.12.16 토,14:00,안양 정관장 아레나,종료  안양 정관장  84  서울 삼성  75,정규시즌
2023.12.16 토,14:00,대구체육관,종료  대구 한국가스공사  88  창원 LG  69,정규시즌
2023.12.16 토,16:00,잠실학생체육관,종료  서울 SK  85  울산 현대모비스  77,정규시즌
2023.12.17 일,14:00,원주종합체육관,종료  원주 DB  82  수원 KT  90,정규시즌
2023.12.17 일,16:00,창원체육관,종료  창원 LG  93  서울 삼성  75,정규시즌
2023.12.17 일,18:00,부산사직체육관,종료  부산 KCC  69  고양 소노  61,정규시즌
2023.12.18 월,19:00,안양 정관장 아레나,종료  안양 정관장  80  대구 한국가스공사  91,정규시즌
2023.12.19 화,19:00,수원 KT 아레나,종료  수원 KT  71  서울 SK  85,정규시즌
2023.12.19 화,19:00,울산동천체육관,종료  울산 현대모비스  81  부산 KCC  84,정규시즌
2023.12.20 수,경기가 없습니다.,경기가 없습니다.,경기가 없습니다.,경기가 없습니다.
2023.12.21 목,19:00,대구체육관,종료  대구 한국가스공사  72  원주 DB  85,정규시즌
2023.12.21 목,19:00,고양 소노 아레나,종료  고양 소노  70  서울 SK  80,정규시즌
2023.12.22 금,19:00,울산동천체육관,종료  울산 현대모비스  94  수원 KT  74,정규시즌
2023.12.22 금,19:00,안양 정관장 아레나,종료  안양 정관장  75  부산 KCC  104,정규시즌
2023.12.23 토,14:00,창원체육관,종료  창원 LG  62  서울 SK  64,정규시즌
2023.12.23 토,14:00,고양 소노 아레나,종료  고양 소노  58  원주 DB  92,정규시즌
2023.12.23 토,16:00,대구체육관,종료  대구 한국가스공사  107  서울 삼성  82,정규시즌
2023.12.24 일,14:00,고양 소노 아레나,종료  고양 소노  72  울산 현대모비스  92,정규시즌
2023.12.24 일,14:00,안양 정관장 아레나,종료  안양 정관장  85  수원 KT  113,정규시즌
2023.12.24 일,16:00,창원체육관,종료  창원 LG  91  부산 KCC  95,정규시즌
2023.12.25 월,14:00,원주종합체육관,종료  원주 DB  102  울산 현대모비스  92,정규시즌
2023.12.25 월,16:00,잠실학생체육관,종료  서울 SK  89  서울 삼성  74,정규시즌
2023.12.25 월,16:00,대구체육관,종료  대구 한국가스공사  90  부산 KCC  96,정규시즌
2023.12.26 화,19:00,창원체육관,종료  창원 LG  94  안양 정관장  75,정규시즌
2023.12.27 수,경기가 없습니다.,경기가 없습니다.,경기가 없습니다.,경기가 없습니다.
2023.12.28 목,19:00,대구체육관,종료  대구 한국가스공사  75  수원 KT  85,정규시즌
2023.12.28 목,19:00,고양 소노 아레나,종료  고양 소노  85  안양 정관장  81,정규시즌
2023.12.28 목,19:00,울산동천체육관,종료  울산 현대모비스  102  서울 삼성  85,정규시즌
2023.12.29 금,19:00,원주종합체육관,종료  원주 DB  91  창원 LG  75,정규시즌
2023.12.30 토,14:00,고양 소노 아레나,종료  고양 소노  67  서울 삼성  86,정규시즌
2023.12.30 토,14:00,안양 정관장 아레나,종료  안양 정관장  68  서울 SK  86,정규시즌
2023.12.30 토,16:00,수원 KT 아레나,종료  수원 KT  98  부산 KCC  83,정규시즌
2023.12.31 일,14:00,안양 정관장 아레나,종료  안양 정관장  86  원주 DB  93,정규시즌
2023.12.31 일,16:00,창원체육관,종료  창원 LG  79  고양 소노  72,정규시즌
2023.12.31 일,22:00,대구체육관,종료  대구 한국가스공사  83  울산 현대모비스  90,정규시즌
2024.01.01 월,14:00,수원 KT 아레나,종료  수원 KT  83  부산 KCC  80,정규시즌
2024.01.01 월,16:00,잠실실내체육관,종료  서울 삼성  76  서울 SK  80,정규시즌
2024.01.02 화,19:00,원주종합체육관,종료  원주 DB  88  고양 소노  94,정규시즌
2024.01.02 화,19:00,안양 정관장 아레나,종료  안양 정관장  84  창원 LG  80,정규시즌
2024.01.03 수,19:00,부산사직체육관,종료  부산 KCC  74  서울 SK  77,정규시즌
2024.01.04 목,19:00,대구체육관,종료  대구 한국가스공사  81  안양 정관장  70,정규시즌
2024.01.04 목,19:00,잠실실내체육관,종료  서울 삼성  61  수원 KT  103,정규시즌
2024.01.05 금,19:00,잠실학생체육관,종료  서울 SK  87  고양 소노  61,정규시즌
2024.01.06 토,14:00,창원체육관,종료  창원 LG  78  대구 한국가스공사  82,정규시즌
2024.01.06 토,14:00,울산동천체육관,종료  울산 현대모비스  83  수원 KT  82,정규시즌
2024.01.06 토,16:00,잠실실내체육관,종료  서울 삼성  73  원주 DB  87,정규시즌
2024.01.07 일,14:00,잠실학생체육관,종료  서울 SK  83  안양 정관장  71,정규시즌
2024.01.07 일,14:00,부산사직체육관,종료  부산 KCC  83  고양 소노  74,정규시즌
2024.01.07 일,16:00,창원체육관,종료  창원 LG  90  울산 현대모비스  79,정규시즌
2024.01.08 월,19:00,원주종합체육관,종료  원주 DB  94  수원 KT  86,정규시즌
2024.01.08 월,19:00,대구체육관,종료  대구 한국가스공사  77  서울 삼성  71,정규시즌
2024.01.09 화,19:00,창원체육관,종료  창원 LG  57  서울 SK  64,정규시즌
2024.01.09 화,19:00,부산사직체육관,종료  부산 KCC  91  울산 현대모비스  86,정규시즌
2024.01.10 수,경기가 없습니다.,경기가 없습니다.,경기가 없습니다.,경기가 없습니다.
2024.01.11 목,19:00,부산사직체육관,종료  부산 KCC  90  서울 SK  75,정규시즌
2024.01.12 금,경기가 없습니다.,경기가 없습니다.,경기가 없습니다.,경기가 없습니다.
2024.01.13 토,경기가 없습니다.,경기가 없습니다.,경기가 없습니다.,경기가 없습니다.
2024.01.14 일,14:00,고양 소노 아레나,종료  크블몽 팀  128  공아지 팀  135,올스타전
2024.01.15 월,경기가 없습니다.,경기가 없습니다.,경기가 없습니다.,경기가 없습니다.
2024.01.16 화,경기가 없습니다.,경기가 없습니다.,경기가 없습니다.,경기가 없습니다.
2024.01.17 수,19:00,부산사직체육관,종료  부산 KCC  84  원주 DB  87,정규시즌
2024.01.17 수,19:00,고양 소노 아레나,종료  고양 소노  93  안양 정관장  86,정규시즌
2024.01.18 목,19:00,대구체육관,종료  대구 한국가스공사  80  수원 KT  69,정규시즌
2024.01.18 목,19:00,잠실학생체육관,종료  서울 SK  94  울산 현대모비스  97,정규시즌
2024.01.19 금,19:00,부산사직체육관,종료  부산 KCC  95  창원 LG  101,정규시즌
2024.01.19 금,19:00,안양 정관장 아레나,종료  안양 정관장  86  서울 삼성  77,정규시즌
2024.01.20 토,14:00,울산동천체육관,종료  울산 현대모비스  91  대구 한국가스공사  88,정규시즌
2024.01.20 토,14:00,잠실학생체육관,종료  서울 SK  76  원주 DB  68,정규시즌
2024.01.20 토,16:00,고양 소노 아레나,종료  고양 소노  73  수원 KT  92,정규시즌
2024.01.21 일,14:00,원주종합체육관,종료  원주 DB  93  창원 LG  73,정규시즌
2024.01.21 일,14:00,잠실실내체육관,종료  서울 삼성  74  부산 KCC  90,정규시즌
2024.01.21 일,16:00,안양 정관장 아레나,종료  안양 정관장  114  울산 현대모비스  90,정규시즌
2024.01.22 월,19:00,잠실학생체육관,종료  서울 SK  75  대구 한국가스공사  88,정규시즌
2024.01.23 화,19:00,원주종합체육관,종료  원주 DB  91  울산 현대모비스  99,정규시즌
2024.01.23 화,19:00,고양 소노 아레나,종료  고양 소노  87  서울 삼성  79,정규시즌
2024.01.24 수,경기가 없습니다.,경기가 없습니다.,경기가 없습니다.,경기가 없습니다.
2024.01.25 목,19:00,수원 KT 아레나,종료  수원 KT  68  서울 SK  65,정규시즌
2024.01.25 목,19:00,대구체육관,종료  대구 한국가스공사  100  부산 KCC  98,정규시즌
2024.01.26 금,19:00,창원체육관,종료  창원 LG  100  서울 삼성  74,정규시즌
2024.01.26 금,19:00,울산동천체육관,종료  울산 현대모비스  93  고양 소노  85,정규시즌
2024.01.27 토,14:00,수원 KT 아레나,종료  수원 KT  94  안양 정관장  78,정규시즌
2024.01.27 토,14:00,대구체육관,종료  대구 한국가스공사  98  원주 DB  73,정규시즌
2024.01.27 토,16:00,잠실학생체육관,종료  서울 SK  87  부산 KCC  92,정규시즌
2024.01.28 일,14:00,수원 KT 아레나,종료  수원 KT  68  창원 LG  71,정규시즌
2024.01.28 일,14:00,울산동천체육관,종료  울산 현대모비스  116  서울 삼성  78,정규시즌
2024.01.28 일,16:00,고양 소노 아레나,종료  고양 소노  77  대구 한국가스공사  76,정규시즌
2024.01.29 월,19:00,부산사직체육관,종료  부산 KCC  108  안양 정관장  99,정규시즌
2024.01.30 화,19:00,고양 소노 아레나,종료  고양 소노  70  창원 LG  74,정규시즌
2024.01.30 화,19:00,잠실실내체육관,종료  서울 삼성  73  원주 DB  108,정규시즌
2024.01.31 수,경기가 없습니다.,경기가 없습니다.,경기가 없습니다.,경기가 없습니다.
2024.02.01 목,19:00,수원 KT 아레나,종료  수원 KT  98  대구 한국가스공사  87,정규시즌
2024.02.01 목,19:00,고양 소노 아레나,종료  고양 소노  77  창원 LG  80,정규시즌
2024.02.02 금,19:00,울산동천체육관,종료  울산 현대모비스  82  원주 DB  91,정규시즌
2024.02.02 금,19:00,부산사직체육관,종료  부산 KCC  81  안양 정관장  75,정규시즌
2024.02.03 토,14:00,잠실학생체육관,종료  서울 SK  76  수원 KT  78,정규시즌
2024.02.03 토,14:00,대구체육관,종료  대구 한국가스공사  83  고양 소노  66,정규시즌
2024.02.03 토,16:00,잠실실내체육관,종료  서울 삼성  88  창원 LG  86,정규시즌
2024.02.04 일,14:00,안양 정관장 아레나,종료  안양 정관장  84  원주 DB  99,정규시즌
2024.02.04 일,14:00,울산동천체육관,종료  울산 현대모비스  92  서울 SK  80,정규시즌
2024.02.04 일,16:00,잠실실내체육관,종료  서울 삼성  97  부산 KCC  88,정규시즌
2024.02.05 월,19:00,고양 소노 아레나,종료  고양 소노  89  수원 KT  92,정규시즌
2024.02.06 화,19:00,창원체육관,종료  창원 LG  79  원주 DB  83,정규시즌
2024.02.06 화,19:00,대구체육관,종료  대구 한국가스공사  85  서울 삼성  79,정규시즌
2024.02.07 수,경기가 없습니다.,경기가 없습니다.,경기가 없습니다.,경기가 없습니다.
2024.02.08 목,19:00,부산사직체육관,종료  부산 KCC  90  창원 LG  69,정규시즌
2024.02.08 목,19:00,대구체육관,종료  대구 한국가스공사  79  울산 현대모비스  91,정규시즌
2024.02.09 금,14:00,수원 KT 아레나,종료  수원 KT  79  원주 DB  76,정규시즌
2024.02.09 금,16:00,고양 소노 아레나,종료  고양 소노  89  서울 삼성  99,정규시즌
2024.02.10 토,14:00,잠실학생체육관,종료  서울 SK  84  안양 정관장  72,정규시즌
2024.02.10 토,14:00,대구체육관,종료  대구 한국가스공사  80  창원 LG  87,정규시즌
2024.02.10 토,16:00,울산동천체육관,종료  울산 현대모비스  94  부산 KCC  77,정규시즌
2024.02.11 일,14:00,잠실실내체육관,종료  서울 삼성  70  서울 SK  80,정규시즌
2024.02.11 일,14:00,안양 정관장 아레나,종료  안양 정관장  77  수원 KT  90,정규시즌
2024.02.11 일,16:00,원주종합체육관,종료  원주 DB  89  고양 소노  74,정규시즌
2024.02.12 월,14:00,창원체육관,종료  창원 LG  95  울산 현대모비스  98,정규시즌
2024.02.12 월,16:00,부산사직체육관,종료  부산 KCC  81  대구 한국가스공사  72,정규시즌
2024.02.13 화,19:00,원주종합체육관,종료  원주 DB  82  서울 SK  68,정규시즌
2024.02.13 화,19:00,잠실실내체육관,종료  서울 삼성  73  안양 정관장  60,정규시즌
2024.02.14 수,19:00,수원 KT 아레나,종료  수원 KT  103  울산 현대모비스  99,정규시즌
2024.02.14 수,19:00,고양 소노 아레나,종료  고양 소노  95  부산 KCC  77,정규시즌
2024.02.15 목,19:00,안양 정관장 아레나,종료  안양 정관장  66  대구 한국가스공사  77,정규시즌
2024.02.15 목,19:00,잠실학생체육관,종료  서울 SK  67  창원 LG  76,정규시즌
2024.02.16 금,경기가 없습니다.,경기가 없습니다.,경기가 없습니다.,경기가 없습니다.
2024.02.17 토,경기가 없습니다.,경기가 없습니다.,경기가 없습니다.,경기가 없습니다.
2024.02.18 일,경기가 없습니다.,경기가 없습니다.,경기가 없습니다.,경기가 없습니다.
2024.02.19 월,경기가 없습니다.,경기가 없습니다.,경기가 없습니다.,경기가 없습니다.
2024.02.20 화,경기가 없습니다.,경기가 없습니다.,경기가 없습니다.,경기가 없습니다.
2024.02.21 수,경기가 없습니다.,경기가 없습니다.,경기가 없습니다.,경기가 없습니다.
2024.02.22 목,경기가 없습니다.,경기가 없습니다.,경기가 없습니다.,경기가 없습니다.
2024.02.23 금,경기가 없습니다.,경기가 없습니다.,경기가 없습니다.,경기가 없습니다.
2024.02.24 토,경기가 없습니다.,경기가 없습니다.,경기가 없습니다.,경기가 없습니다.
2024.02.25 일,경기가 없습니다.,경기가 없습니다.,경기가 없습니다.,경기가 없습니다.
2024.02.26 월,경기가 없습니다.,경기가 없습니다.,경기가 없습니다.,경기가 없습니다.
2024.02.27 화,경기가 없습니다.,경기가 없습니다.,경기가 없습니다.,경기가 없습니다.
2024.02.28 수,19:00,울산동천체육관,종료  울산 현대모비스  98  안양 정관장  81,정규시즌
2024.02.28 수,19:00,잠실학생체육관,종료  서울 SK  98  고양 소노  66,정규시즌
2024.02.29 목,19:00,부산사직체육관,종료  부산 KCC  78  원주 DB  92,정규시즌
2024.02.29 목,19:00,잠실실내체육관,종료  서울 삼성  86  수원 KT  106,정규시즌
2024.03.01 금,14:00,잠실학생체육관,종료  서울 SK  66  대구 한국가스공사  79,정규시즌
2024.03.01 금,14:00,울산동천체육관,종료  울산 현대모비스  73  고양 소노  83,정규시즌
2024.03.01 금,16:00,창원체육관,종료  창원 LG  97  안양 정관장  64,정규시즌
2024.03.02 토,14:00,부산사직체육관,종료  부산 KCC  101  수원 KT  94,정규시즌
2024.03.02 토,14:00,원주종합체육관,종료  원주 DB  75  대구 한국가스공사  74,정규시즌
2024.03.02 토,16:00,잠실실내체육관,종료  서울 삼성  92  울산 현대모비스  77,정규시즌
2024.03.03 일,14:00,수원 KT 아레나,종료  수원 KT  60  창원 LG  75,정규시즌
2024.03.03 일,14:00,안양 정관장 아레나,종료  안양 정관장  92  고양 소노  87,정규시즌
2024.03.03 일,16:00,잠실학생체육관,종료  서울 SK  90  부산 KCC  69,정규시즌
2024.03.04 월,19:00,잠실실내체육관,종료  서울 삼성  75  대구 한국가스공사  81,정규시즌
2024.03.05 화,19:00,고양 소노 아레나,종료  고양 소노  85  부산 KCC  117,정규시즌
2024.03.05 화,19:00,잠실학생체육관,종료  서울 SK  105  울산 현대모비스  76,정규시즌
2024.03.06 수,경기가 없습니다.,경기가 없습니다.,경기가 없습니다.,경기가 없습니다.
2024.03.07 목,19:00,창원체육관,종료  창원 LG  82  대구 한국가스공사  59,정규시즌
2024.03.07 목,19:00,잠실실내체육관,종료  서울 삼성  85  원주 DB  99,정규시즌
2024.03.07 목,19:00,수원 KT 아레나,종료  수원 KT  94  부산 KCC  96,정규시즌
2024.03.08 금,경기가 없습니다.,경기가 없습니다.,경기가 없습니다.,경기가 없습니다.
2024.03.09 토,15:00,수원 KT 아레나,종료  수원 KT  98  울산 현대모비스  94,정규시즌
2024.03.09 토,17:00,원주종합체육관,종료  원주 DB  115  부산 KCC  104,정규시즌
2024.03.09 토,17:00,잠실실내체육관,종료  서울 삼성  92  고양 소노  86,정규시즌
2024.03.10 일,경기가 없습니다.,경기가 없습니다.,경기가 없습니다.,경기가 없습니다.
2024.03.11 월,19:00,창원체육관,종료  창원 LG  87  수원 KT  76,정규시즌
2024.03.12 화,경기가 없습니다.,경기가 없습니다.,경기가 없습니다.,경기가 없습니다.
2024.03.13 수,19:00,안양 정관장 아레나,종료  안양 정관장  80  고양 소노  94,정규시즌
2024.03.13 수,19:00,잠실학생체육관,종료  서울 SK  82  대구 한국가스공사  67,정규시즌
2024.03.14 목,19:00,원주종합체육관,종료  원주 DB  107  수원 KT  103,정규시즌
2024.03.14 목,19:00,안양 정관장 아레나,종료  안양 정관장  69  서울 삼성  77,정규시즌
2024.03.15 금,19:00,대구체육관,종료  대구 한국가스공사  99  부산 KCC  85,정규시즌
2024.03.15 금,19:00,고양 소노 아레나,종료  고양 소노  64  창원 LG  95,정규시즌
2024.03.16 토,15:00,수원 KT 아레나,종료  수원 KT  89  서울 삼성  84,정규시즌
2024.03.16 토,17:00,울산동천체육관,종료  울산 현대모비스  95  원주 DB  89,정규시즌
2024.03.16 토,17:00,안양 정관장 아레나,종료  안양 정관장  84  서울 SK  78,정규시즌
2024.03.17 일,15:00,대구체육관,종료  대구 한국가스공사  81  고양 소노  82,정규시즌
2024.03.17 일,17:00,부산사직체육관,종료  부산 KCC  119  수원 KT  101,정규시즌
2024.03.17 일,17:00,창원체육관,종료  창원 LG  92  원주 DB  88,정규시즌
2024.03.18 월,19:00,잠실실내체육관,종료  서울 삼성  94  울산 현대모비스  91,정규시즌
2024.03.19 화,19:00,창원체육관,종료  창원 LG  94  안양 정관장  70,정규시즌
2024.03.19 화,19:00,잠실학생체육관,종료  서울 SK  62  고양 소노  75,정규시즌
2024.03.20 수,19:00,부산사직체육관,종료  부산 KCC  98  서울 삼성  85,정규시즌
2024.03.21 목,19:00,안양 정관장 아레나,종료  안양 정관장  85  대구 한국가스공사  70,정규시즌
2024.03.21 목,19:00,잠실학생체육관,종료  서울 SK  83  원주 DB  84,정규시즌
2024.03.22 금,19:00,부산사직체육관,종료  부산 KCC  92  창원 LG  101,정규시즌
2024.03.22 금,19:00,고양 소노 아레나,종료  고양 소노  102  울산 현대모비스  87,정규시즌
2024.03.23 토,15:00,수원 KT 아레나,종료  수원 KT  85  대구 한국가스공사  81,정규시즌
2024.03.23 토,18:00,원주종합체육관,종료  원주 DB  68  안양 정관장  96,정규시즌
2024.03.23 토,18:00,잠실학생체육관,종료  서울 SK  84  서울 삼성  75,정규시즌
2024.03.24 일,15:00,울산동천체육관,종료  울산 현대모비스  85  창원 LG  86,정규시즌
2024.03.24 일,18:00,원주종합체육관,종료  원주 DB  86  고양 소노  84,정규시즌
2024.03.24 일,18:00,잠실실내체육관,종료  서울 삼성  96  부산 KCC  87,정규시즌
2024.03.25 월,19:00,잠실학생체육관,종료  서울 SK  80  수원 KT  99,정규시즌
2024.03.26 화,19:00,부산사직체육관,종료  부산 KCC  91  안양 정관장  88,정규시즌
2024.03.26 화,19:00,대구체육관,종료  대구 한국가스공사  82  울산 현대모비스  78,정규시즌
2024.03.27 수,경기가 없습니다.,경기가 없습니다.,경기가 없습니다.,경기가 없습니다.
2024.03.28 목,19:00,수원 KT 아레나,종료  수원 KT  81  안양 정관장  83,정규시즌
2024.03.28 목,19:00,잠실학생체육관,종료  서울 SK  82  창원 LG  62,정규시즌
2024.03.29 금,19:00,부산사직체육관,종료  부산 KCC  110  울산 현대모비스  103,정규시즌
2024.03.30 토,경기가 없습니다.,경기가 없습니다.,경기가 없습니다.,경기가 없습니다.
2024.03.31 일,18:00,울산동천체육관,종료  울산 현대모비스  83  안양 정관장  81,정규시즌
2024.03.31 일,18:00,부산사직체육관,종료  부산 KCC  102  서울 SK  79,정규시즌
2024.03.31 일,18:00,원주종합체육관,종료  원주 DB  82  대구 한국가스공사  73,정규시즌
2024.03.31 일,18:00,고양 소노 아레나,종료  고양 소노  95  수원 KT  91,정규시즌
2024.03.31 일,18:00,창원체육관,종료  창원 LG  98  서울 삼성  63,정규시즌
2024.04.01 월,경기가 없습니다.,경기가 없습니다.,경기가 없습니다.,경기가 없습니다.
2024.04.02 화,경기가 없습니다.,경기가 없습니다.,경기가 없습니다.,경기가 없습니다.
2024.04.03 수,경기가 없습니다.,경기가 없습니다.,경기가 없습니다.,경기가 없습니다.
2024.04.04 목,19:00,잠실학생체육관,종료  서울 SK  63  부산 KCC  81,플레이오프
2024.04.05 금,19:00,수원 KT 아레나,종료  수원 KT  93  울산 현대모비스  90,플레이오프
2024.04.06 토,14:00,잠실학생체육관,종료  서울 SK  72  부산 KCC  99,플레이오프
2024.04.07 일,18:00,수원 KT 아레나,종료  수원 KT  77  울산 현대모비스  79,플레이오프
2024.04.08 월,19:00,부산사직체육관,종료  부산 KCC  97  서울 SK  77,플레이오프
2024.04.09 화,19:00,울산동천체육관,종료  울산 현대모비스  62  수원 KT  79,플레이오프
2024.04.10 수,경기가 없습니다.,경기가 없습니다.,경기가 없습니다.,경기가 없습니다.
2024.04.11 목,19:01,울산동천체육관,종료  울산 현대모비스  80  수원 KT  93,플레이오프
2024.04.12 금,경기가 없습니다.,경기가 없습니다.,경기가 없습니다.,경기가 없습니다.
2024.04.13 토,경기가 없습니다.,경기가 없습니다.,경기가 없습니다.,경기가 없습니다.
2024.04.14 일,경기가 없습니다.,경기가 없습니다.,경기가 없습니다.,경기가 없습니다.
2024.04.15 월,19:00,원주종합체육관,종료  원주 DB  83  부산 KCC  95,플레이오프
2024.04.16 화,19:00,창원체육관,종료  창원 LG  78  수원 KT  70,플레이오프
2024.04.17 수,19:00,원주종합체육관,종료  원주 DB  80  부산 KCC  71,플레이오프
2024.04.18 목,19:00,창원체육관,종료  창원 LG  63  수원 KT  83,플레이오프
2024.04.19 금,19:00,부산사직체육관,종료  부산 KCC  102  원주 DB  90,플레이오프
2024.04.20 토,14:00,수원 KT 아레나,종료  수원 KT  73  창원 LG  76,플레이오프
2024.04.21 일,18:00,부산사직체육관,종료  부산 KCC  80  원주 DB  63,플레이오프
2024.04.22 월,19:00,수원 KT 아레나,종료  수원 KT  89  창원 LG  80,플레이오프
2024.04.23 화,경기가 없습니다.,경기가 없습니다.,경기가 없습니다.,경기가 없습니다.
2024.04.24 수,19:00,창원체육관,종료  창원 LG  65  수원 KT  75,플레이오프
2024.04.25 목,경기가 없습니다.,경기가 없습니다.,경기가 없습니다.,경기가 없습니다.
2024.04.26 금,경기가 없습니다.,경기가 없습니다.,경기가 없습니다.,경기가 없습니다.
2024.04.27 토,14:00,수원 KT 아레나,종료  수원 KT  73  부산 KCC  90,챔피언결정전
2024.04.28 일,경기가 없습니다.,경기가 없습니다.,경기가 없습니다.,경기가 없습니다.
2024.04.29 월,19:00,수원 KT 아레나,종료  수원 KT  101  부산 KCC  97,챔피언결정전
2024.04.30 화,경기가 없습니다.,경기가 없습니다.,경기가 없습니다.,경기가 없습니다.
2024.05.01 수,19:00,부산사직체육관,종료  부산 KCC  92  수원 KT  89,챔피언결정전
2024.05.02 목,경기가 없습니다.,경기가 없습니다.,경기가 없습니다.,경기가 없습니다.
2024.05.03 금,19:00,부산사직체육관,종료  부산 KCC  96  수원 KT  90,챔피언결정전
2024.05.04 토,경기가 없습니다.,경기가 없습니다.,경기가 없습니다.,경기가 없습니다.
2024.05.05 일,18:00,수원 KT 아레나,종료  수원 KT  70  부산 KCC  88,챔피언결정전
2024.05.06 월,경기가 없습니다.,경기가 없습니다.,경기가 없습니다.,경기가 없습니다.
2024.05.07 화,경기가 없습니다.,경기가 없습니다.,경기가 없습니다.,경기가 없습니다.
2024.05.08 수,경기가 없습니다.,경기가 없습니다.,경기가 없습니다.,경기가 없습니다.
2024.05.09 목,경기가 없습니다.,경기가 없습니다.,경기가 없습니다.,경기가 없습니다.
2024.05.10 금,경기가 없습니다.,경기가 없습니다.,경기가 없습니다.,경기가 없습니다.
2024.05.11 토,경기가 없습니다.,경기가 없습니다.,경기가 없습니다.,경기가 없습니다.
2024.05.12 일,경기가 없습니다.,경기가 없습니다.,경기가 없습니다.,경기가 없습니다.
2024.05.13 월,경기가 없습니다.,경기가 없습니다.,경기가 없습니다.,경기가 없습니다.
2024.05.14 화,경기가 없습니다.,경기가 없습니다.,경기가 없습니다.,경기가 없습니다.
2024.05.15 수,경기가 없습니다.,경기가 없습니다.,경기가 없습니다.,경기가 없습니다.
2024.05.16 목,경기가 없습니다.,경기가 없습니다.,경기가 없습니다.,경기가 없습니다.
2024.05.17 금,경기가 없습니다.,경기가 없습니다.,경기가 없습니다.,경기가 없습니다.
2024.05.18 토,경기가 없습니다.,경기가 없습니다.,경기가 없습니다.,경기가 없습니다.
2024.05.19 일,경기가 없습니다.,경기가 없습니다.,경기가 없습니다.,경기가 없습니다.
2024.05.20 월,경기가 없습니다.,경기가 없습니다.,경기가 없습니다.,경기가 없습니다.
2024.05.21 화,경기가 없습니다.,경기가 없습니다.,경기가 없습니다.,경기가 없습니다.
2024.05.22 수,경기가 없습니다.,경기가 없습니다.,경기가 없습니다.,경기가 없습니다.
2024.05.23 목,경기가 없습니다.,경기가 없습니다.,경기가 없습니다.,경기가 없습니다.
2024.05.24 금,경기가 없습니다.,경기가 없습니다.,경기가 없습니다.,경기가 없습니다.
2024.05.25 토,경기가 없습니다.,경기가 없습니다.,경기가 없습니다.,경기가 없습니다.
2024.05.26 일,경기가 없습니다.,경기가 없습니다.,경기가 없습니다.,경기가 없습니다.
2024.05.27 월,경기가 없습니다.,경기가 없습니다.,경기가 없습니다.,경기가 없습니다.
2024.05.28 화,경기가 없습니다.,경기가 없습니다.,경기가 없습니다.,경기가 없습니다.
2024.05.29 수,경기가 없습니다.,경기가 없습니다.,경기가 없습니다.,경기가 없습니다.
2024.05.30 목,경기가 없습니다.,경기가 없습니다.,경기가 없습니다.,경기가 없습니다.
2024.05.31 금,경기가 없습니다.,경기가 없습니다.,경기가 없습니다.,경기가 없습니다.
2024.10.01 수,경기가 없습니다.,경기가 없습니다.,경기가 없습니다.,경기가 없습니다.
2024.10.02 목,경기가 없습니다.,경기가 없습니다.,경기가 없습니다.,경기가 없습니다.
2024.10.03 금,경기가 없습니다.,경기가 없습니다.,경기가 없습니다.,경기가 없습니다.
2024.10.04 토,경기가 없습니다.,경기가 없습니다.,경기가 없습니다.,경기가 없습니다.
2024.10.05 일,경기가 없습니다.,경기가 없습니다.,경기가 없습니다.,경기가 없습니다.
2024.10.06 월,경기가 없습니다.,경기가 없습니다.,경기가 없습니다.,경기가 없습니다.
2024.10.07 화,경기가 없습니다.,경기가 없습니다.,경기가 없습니다.,경기가 없습니다.
2024.10.08 수,경기가 없습니다.,경기가 없습니다.,경기가 없습니다.,경기가 없습니다.
2024.10.09 목,경기가 없습니다.,경기가 없습니다.,경기가 없습니다.,경기가 없습니다.
2024.10.10 금,경기가 없습니다.,경기가 없습니다.,경기가 없습니다.,경기가 없습니다.
2024.10.11 토,경기가 없습니다.,경기가 없습니다.,경기가 없습니다.,경기가 없습니다.
2024.10.12 일,경기가 없습니다.,경기가 없습니다.,경기가 없습니다.,경기가 없습니다.
2024.10.13 월,경기가 없습니다.,경기가 없습니다.,경기가 없습니다.,경기가 없습니다.
2024.10.14 화,경기가 없습니다.,경기가 없습니다.,경기가 없습니다.,경기가 없습니다.
2024.10.15 수,경기가 없습니다.,경기가 없습니다.,경기가 없습니다.,경기가 없습니다.
2024.10.16 목,경기가 없습니다.,경기가 없습니다.,경기가 없습니다.,경기가 없습니다.
2024.10.17 금,경기가 없습니다.,경기가 없습니다.,경기가 없습니다.,경기가 없습니다.
2024.10.18 토,경기가 없습니다.,경기가 없습니다.,경기가 없습니다.,경기가 없습니다.
2024.10.19 일,경기가 없습니다.,경기가 없습니다.,경기가 없습니다.,경기가 없습니다.
2024.10.20 월,경기가 없습니다.,경기가 없습니다.,경기가 없습니다.,경기가 없습니다.
2024.10.21 화,경기가 없습니다.,경기가 없습니다.,경기가 없습니다.,경기가 없습니다.
2024.10.22 수,경기가 없습니다.,경기가 없습니다.,경기가 없습니다.,경기가 없습니다.
2024.10.23 목,경기가 없습니다.,경기가 없습니다.,경기가 없습니다.,경기가 없습니다.
2024.10.24 금,경기가 없습니다.,경기가 없습니다.,경기가 없습니다.,경기가 없습니다.
2024.10.25 토,경기가 없습니다.,경기가 없습니다.,경기가 없습니다.,경기가 없습니다.
2024.10.26 일,경기가 없습니다.,경기가 없습니다.,경기가 없습니다.,경기가 없습니다.
2024.10.27 월,경기가 없습니다.,경기가 없습니다.,경기가 없습니다.,경기가 없습니다.
2024.10.28 화,경기가 없습니다.,경기가 없습니다.,경기가 없습니다.,경기가 없습니다.
2024.10.29 수,경기가 없습니다.,경기가 없습니다.,경기가 없습니다.,경기가 없습니다.
2024.10.30 목,경기가 없습니다.,경기가 없습니다.,경기가 없습니다.,경기가 없습니다.
2024.10.31 금,경기가 없습니다.,경기가 없습니다.,경기가 없습니다.,경기가 없습니다.
2024.10.01 수,경기가 없습니다.,경기가 없습니다.,경기가 없습니다.,경기가 없습니다.
2024.10.02 목,경기가 없습니다.,경기가 없습니다.,경기가 없습니다.,경기가 없습니다.
2024.10.03 금,경기가 없습니다.,경기가 없습니다.,경기가 없습니다.,경기가 없습니다.
2024.10.04 토,경기가 없습니다.,경기가 없습니다.,경기가 없습니다.,경기가 없습니다.
2024.10.05 일,경기가 없습니다.,경기가 없습니다.,경기가 없습니다.,경기가 없습니다.
2024.10.06 월,경기가 없습니다.,경기가 없습니다.,경기가 없습니다.,경기가 없습니다.
2024.10.07 화,경기가 없습니다.,경기가 없습니다.,경기가 없습니다.,경기가 없습니다.
2024.10.08 수,경기가 없습니다.,경기가 없습니다.,경기가 없습니다.,경기가 없습니다.
2024.10.09 목,경기가 없습니다.,경기가 없습니다.,경기가 없습니다.,경기가 없습니다.
2024.10.10 금,경기가 없습니다.,경기가 없습니다.,경기가 없습니다.,경기가 없습니다.
2024.10.11 토,경기가 없습니다.,경기가 없습니다.,경기가 없습니다.,경기가 없습니다.
2024.10.12 일,경기가 없습니다.,경기가 없습니다.,경기가 없습니다.,경기가 없습니다.
2024.10.13 월,경기가 없습니다.,경기가 없습니다.,경기가 없습니다.,경기가 없습니다.
2024.10.14 화,경기가 없습니다.,경기가 없습니다.,경기가 없습니다.,경기가 없습니다.
2024.10.15 수,경기가 없습니다.,경기가 없습니다.,경기가 없습니다.,경기가 없습니다.
2024.10.16 목,경기가 없습니다.,경기가 없습니다.,경기가 없습니다.,경기가 없습니다.
2024.10.17 금,경기가 없습니다.,경기가 없습니다.,경기가 없습니다.,경기가 없습니다.
2024.10.18 토,경기가 없습니다.,경기가 없습니다.,경기가 없습니다.,경기가 없습니다.
2024.10.19 일,경기가 없습니다.,경기가 없습니다.,경기가 없습니다.,경기가 없습니다.
2024.10.20 월,경기가 없습니다.,경기가 없습니다.,경기가 없습니다.,경기가 없습니다.
2024.10.21 화,경기가 없습니다.,경기가 없습니다.,경기가 없습니다.,경기가 없습니다.
2024.10.22 수,경기가 없습니다.,경기가 없습니다.,경기가 없습니다.,경기가 없습니다.
2024.10.23 목,경기가 없습니다.,경기가 없습니다.,경기가 없습니다.,경기가 없습니다.
2024.10.24 금,경기가 없습니다.,경기가 없습니다.,경기가 없습니다.,경기가 없습니다.
2024.10.25 토,경기가 없습니다.,경기가 없습니다.,경기가 없습니다.,경기가 없습니다.
2024.10.26 일,경기가 없습니다.,경기가 없습니다.,경기가 없습니다.,경기가 없습니다.
2024.10.27 월,경기가 없습니다.,경기가 없습니다.,경기가 없습니다.,경기가 없습니다.
2024.10.28 화,경기가 없습니다.,경기가 없습니다.,경기가 없습니다.,경기가 없습니다.
2024.10.29 수,경기가 없습니다.,경기가 없습니다.,경기가 없습니다.,경기가 없습니다.
2024.10.30 목,경기가 없습니다.,경기가 없습니다.,경기가 없습니다.,경기가 없습니다.
2024.10.31 금,경기가 없습니다.,경기가 없습니다.,경기가 없습니다.,경기가 없습니다.
2024.10.01 수,경기가 없습니다.,경기가 없습니다.,경기가 없습니다.,경기가 없습니다.
2024.10.02 목,경기가 없습니다.,경기가 없습니다.,경기가 없습니다.,경기가 없습니다.
2024.10.03 금,경기가 없습니다.,경기가 없습니다.,경기가 없습니다.,경기가 없습니다.
2024.10.04 토,경기가 없습니다.,경기가 없습니다.,경기가 없습니다.,경기가 없습니다.
2024.10.05 일,경기가 없습니다.,경기가 없습니다.,경기가 없습니다.,경기가 없습니다.
2024.10.06 월,경기가 없습니다.,경기가 없습니다.,경기가 없습니다.,경기가 없습니다.
2024.10.07 화,경기가 없습니다.,경기가 없습니다.,경기가 없습니다.,경기가 없습니다.
2024.10.08 수,경기가 없습니다.,경기가 없습니다.,경기가 없습니다.,경기가 없습니다.
2024.10.09 목,경기가 없습니다.,경기가 없습니다.,경기가 없습니다.,경기가 없습니다.
2024.10.10 금,경기가 없습니다.,경기가 없습니다.,경기가 없습니다.,경기가 없습니다.
2024.10.11 토,경기가 없습니다.,경기가 없습니다.,경기가 없습니다.,경기가 없습니다.
2024.10.12 일,경기가 없습니다.,경기가 없습니다.,경기가 없습니다.,경기가 없습니다.
2024.10.13 월,경기가 없습니다.,경기가 없습니다.,경기가 없습니다.,경기가 없습니다.
2024.10.14 화,경기가 없습니다.,경기가 없습니다.,경기가 없습니다.,경기가 없습니다.
2024.10.15 수,경기가 없습니다.,경기가 없습니다.,경기가 없습니다.,경기가 없습니다.
2024.10.16 목,경기가 없습니다.,경기가 없습니다.,경기가 없습니다.,경기가 없습니다.
2024.10.17 금,경기가 없습니다.,경기가 없습니다.,경기가 없습니다.,경기가 없습니다.
2024.10.18 토,경기가 없습니다.,경기가 없습니다.,경기가 없습니다.,경기가 없습니다.
2024.10.19 일,경기가 없습니다.,경기가 없습니다.,경기가 없습니다.,경기가 없습니다.
2024.10.20 월,경기가 없습니다.,경기가 없습니다.,경기가 없습니다.,경기가 없습니다.
2024.10.21 화,경기가 없습니다.,경기가 없습니다.,경기가 없습니다.,경기가 없습니다.
2024.10.22 수,경기가 없습니다.,경기가 없습니다.,경기가 없습니다.,경기가 없습니다.
2024.10.23 목,경기가 없습니다.,경기가 없습니다.,경기가 없습니다.,경기가 없습니다.
2024.10.24 금,경기가 없습니다.,경기가 없습니다.,경기가 없습니다.,경기가 없습니다.
2024.10.25 토,경기가 없습니다.,경기가 없습니다.,경기가 없습니다.,경기가 없습니다.
2024.10.26 일,경기가 없습니다.,경기가 없습니다.,경기가 없습니다.,경기가 없습니다.
2024.10.27 월,경기가 없습니다.,경기가 없습니다.,경기가 없습니다.,경기가 없습니다.
2024.10.28 화,경기가 없습니다.,경기가 없습니다.,경기가 없습니다.,경기가 없습니다.
2024.10.29 수,경기가 없습니다.,경기가 없습니다.,경기가 없습니다.,경기가 없습니다.
2024.10.30 목,경기가 없습니다.,경기가 없습니다.,경기가 없습니다.,경기가 없습니다.
2024.10.31 금,경기가 없습니다.,경기가 없습니다.,경기가 없습니다.,경기가 없습니다.
2024.10.01 수,경기가 없습니다.,경기가 없습니다.,경기가 없습니다.,경기가 없습니다.
2024.10.02 목,경기가 없습니다.,경기가 없습니다.,경기가 없습니다.,경기가 없습니다.
2024.10.03 금,경기가 없습니다.,경기가 없습니다.,경기가 없습니다.,경기가 없습니다.
2024.10.04 토,경기가 없습니다.,경기가 없습니다.,경기가 없습니다.,경기가 없습니다.
2024.10.05 일,경기가 없습니다.,경기가 없습니다.,경기가 없습니다.,경기가 없습니다.
2024.10.06 월,경기가 없습니다.,경기가 없습니다.,경기가 없습니다.,경기가 없습니다.
2024.10.07 화,경기가 없습니다.,경기가 없습니다.,경기가 없습니다.,경기가 없습니다.
2024.10.08 수,경기가 없습니다.,경기가 없습니다.,경기가 없습니다.,경기가 없습니다.
2024.10.09 목,경기가 없습니다.,경기가 없습니다.,경기가 없습니다.,경기가 없습니다.
2024.10.10 금,경기가 없습니다.,경기가 없습니다.,경기가 없습니다.,경기가 없습니다.
2024.10.11 토,경기가 없습니다.,경기가 없습니다.,경기가 없습니다.,경기가 없습니다.
2024.10.12 일,경기가 없습니다.,경기가 없습니다.,경기가 없습니다.,경기가 없습니다.
2024.10.13 월,경기가 없습니다.,경기가 없습니다.,경기가 없습니다.,경기가 없습니다.
2024.10.14 화,경기가 없습니다.,경기가 없습니다.,경기가 없습니다.,경기가 없습니다.
2024.10.15 수,경기가 없습니다.,경기가 없습니다.,경기가 없습니다.,경기가 없습니다.
2024.10.16 목,경기가 없습니다.,경기가 없습니다.,경기가 없습니다.,경기가 없습니다.
2024.10.17 금,경기가 없습니다.,경기가 없습니다.,경기가 없습니다.,경기가 없습니다.
2024.10.18 토,경기가 없습니다.,경기가 없습니다.,경기가 없습니다.,경기가 없습니다.
2024.10.19 일,경기가 없습니다.,경기가 없습니다.,경기가 없습니다.,경기가 없습니다.
2024.10.20 월,경기가 없습니다.,경기가 없습니다.,경기가 없습니다.,경기가 없습니다.
2024.10.21 화,경기가 없습니다.,경기가 없습니다.,경기가 없습니다.,경기가 없습니다.
2024.10.22 수,경기가 없습니다.,경기가 없습니다.,경기가 없습니다.,경기가 없습니다.
2024.10.23 목,경기가 없습니다.,경기가 없습니다.,경기가 없습니다.,경기가 없습니다.
2024.10.24 금,경기가 없습니다.,경기가 없습니다.,경기가 없습니다.,경기가 없습니다.
2024.10.25 토,경기가 없습니다.,경기가 없습니다.,경기가 없습니다.,경기가 없습니다.
2024.10.26 일,경기가 없습니다.,경기가 없습니다.,경기가 없습니다.,경기가 없습니다.
2024.10.27 월,경기가 없습니다.,경기가 없습니다.,경기가 없습니다.,경기가 없습니다.
2024.10.28 화,경기가 없습니다.,경기가 없습니다.,경기가 없습니다.,경기가 없습니다.
2024.10.29 수,경기가 없습니다.,경기가 없습니다.,경기가 없습니다.,경기가 없습니다.
2024.10.30 목,경기가 없습니다.,경기가 없습니다.,경기가 없습니다.,경기가 없습니다.
2024.10.31 금,경기가 없습니다.,경기가 없습니다.,경기가 없습니다.,경기가 없습니다.
2024.10.01 화,경기가 없습니다.,경기가 없습니다.,경기가 없습니다.,경기가 없습니다.
2024.10.02 수,경기가 없습니다.,경기가 없습니다.,경기가 없습니다.,경기가 없습니다.
2024.10.03 목,경기가 없습니다.,경기가 없습니다.,경기가 없습니다.,경기가 없습니다.
2024.10.04 금,경기가 없습니다.,경기가 없습니다.,경기가 없습니다.,경기가 없습니다.
2024.10.05 토,경기가 없습니다.,경기가 없습니다.,경기가 없습니다.,경기가 없습니다.
2024.10.06 일,경기가 없습니다.,경기가 없습니다.,경기가 없습니다.,경기가 없습니다.
2024.10.07 월,경기가 없습니다.,경기가 없습니다.,경기가 없습니다.,경기가 없습니다.
2024.10.08 화,경기가 없습니다.,경기가 없습니다.,경기가 없습니다.,경기가 없습니다.
2024.10.09 수,경기가 없습니다.,경기가 없습니다.,경기가 없습니다.,경기가 없습니다.
2024.10.10 목,경기가 없습니다.,경기가 없습니다.,경기가 없습니다.,경기가 없습니다.
2024.10.11 금,경기가 없습니다.,경기가 없습니다.,경기가 없습니다.,경기가 없습니다.
2024.10.12 토,경기가 없습니다.,경기가 없습니다.,경기가 없습니다.,경기가 없습니다.
2024.10.13 일,경기가 없습니다.,경기가 없습니다.,경기가 없습니다.,경기가 없습니다.
2024.10.14 월,경기가 없습니다.,경기가 없습니다.,경기가 없습니다.,경기가 없습니다.
2024.10.15 화,경기가 없습니다.,경기가 없습니다.,경기가 없습니다.,경기가 없습니다.
2024.10.16 수,경기가 없습니다.,경기가 없습니다.,경기가 없습니다.,경기가 없습니다.
2024.10.17 목,경기가 없습니다.,경기가 없습니다.,경기가 없습니다.,경기가 없습니다.
2024.10.18 금,경기가 없습니다.,경기가 없습니다.,경기가 없습니다.,경기가 없습니다.
2024.10.19 토,14:00,부산사직체육관,종료  부산 KCC  77  수원 KT  72,정규시즌
2024.10.19 토,14:00,원주종합체육관,종료  원주 DB  88  서울 삼성  83,정규시즌
2024.10.19 토,16:00,창원체육관,종료  창원 LG  70  대구 한국가스공사  67,정규시즌
2024.10.20 일,14:00,수원 KT 아레나,종료  수원 KT  72  서울 삼성  63,정규시즌
2024.10.20 일,14:00,잠실학생체육관,종료  서울 SK  95  안양 정관장  71,정규시즌
2024.10.20 일,16:00,울산동천체육관,종료  울산 현대모비스  82  고양 소노  100,정규시즌
2024.10.21 월,19:00,창원체육관,종료  창원 LG  89  부산 KCC  84,정규시즌
2024.10.22 화,19:00,잠실학생체육관,종료  서울 SK  77  원주 DB  72,정규시즌
2024.10.23 수,19:00,부산사직체육관,종료  부산 KCC  69  고양 소노  79,정규시즌
2024.10.24 목,19:00,원주종합체육관,종료  원주 DB  62  대구 한국가스공사  92,정규시즌
2024.10.24 목,19:00,창원체육관,종료  창원 LG  82  안양 정관장  75,정규시즌
2024.10.25 금,19:00,부산사직체육관,종료  부산 KCC  76  울산 현대모비스  96,정규시즌
2024.10.25 금,19:00,수원 KT 아레나,종료  수원 KT  77  서울 SK  75,정규시즌
2024.10.26 토,14:00,대구체육관,종료  대구 한국가스공사  76  서울 삼성  70,정규시즌
2024.10.26 토,14:00,고양 소노 아레나,종료  고양 소노  82  창원 LG  77,정규시즌
2024.10.26 토,16:00,안양 정관장 아레나,종료  안양 정관장  68  원주 DB  60,정규시즌
2024.10.27 일,14:00,잠실실내체육관,종료  서울 삼성  73  서울 SK  76,정규시즌
2024.10.27 일,14:00,수원 KT 아레나,종료  수원 KT  89  울산 현대모비스  91,정규시즌
2024.10.27 일,16:00,원주종합체육관,종료  원주 DB  70  부산 KCC  77,정규시즌
2024.10.28 월,19:00,고양 소노 아레나,종료  고양 소노  83  안양 정관장  70,정규시즌
2024.10.29 화,19:00,잠실실내체육관,종료  서울 삼성  73  부산 KCC  77,정규시즌
2024.10.30 수,19:00,안양 정관장 아레나,종료  안양 정관장  64  대구 한국가스공사  97,정규시즌
2024.10.31 목,19:00,고양 소노 아레나,종료  고양 소노  61  수원 KT  69,정규시즌
2024.10.31 목,19:00,잠실실내체육관,종료  서울 삼성  80  울산 현대모비스  83,정규시즌
2024.11.01 금,19:00,부산사직체육관,종료  부산 KCC  58  대구 한국가스공사  80,정규시즌
2024.11.01 금,19:00,창원체육관,종료  창원 LG  66  서울 SK  72,정규시즌
2024.11.02 토,14:00,수원 KT 아레나,종료  수원 KT  80  원주 DB  78,정규시즌
2024.11.02 토,14:00,울산동천체육관,종료  울산 현대모비스  71  안양 정관장  72,정규시즌
2024.11.02 토,16:00,잠실실내체육관,종료  서울 삼성  78  고양 소노  76,정규시즌
2024.11.03 일,14:00,창원체육관,종료  창원 LG  73  울산 현대모비스  78,정규시즌
2024.11.03 일,14:00,대구체육관,종료  대구 한국가스공사  91  서울 SK  76,정규시즌
2024.11.03 일,16:00,부산사직체육관,종료  부산 KCC  102  안양 정관장  71,정규시즌
2024.11.04 월,19:00,원주종합체육관,종료  원주 DB  64  고양 소노  79,정규시즌
2024.11.05 화,19:00,대구체육관,종료  대구 한국가스공사  82  수원 KT  74,정규시즌
2024.11.06 수,19:00,울산동천체육관,종료  울산 현대모비스  76  서울 SK  95,정규시즌
2024.11.07 목,19:00,잠실실내체육관,종료  서울 삼성  80  창원 LG  79,정규시즌
2024.11.07 목,19:00,안양 정관장 아레나,종료  안양 정관장  74  수원 KT  73,정규시즌
2024.11.08 금,19:00,울산동천체육관,종료  울산 현대모비스  79  원주 DB  70,정규시즌
2024.11.08 금,19:00,대구체육관,종료  대구 한국가스공사  99  고양 소노  65,정규시즌
2024.11.09 토,14:00,수원 KT 아레나,종료  수원 KT  65  창원 LG  59,정규시즌
2024.11.09 토,14:00,잠실학생체육관,종료  서울 SK  93  부산 KCC  57,정규시즌
2024.11.09 토,16:00,안양 정관장 아레나,종료  안양 정관장  102  서울 삼성  59,정규시즌
2024.11.10 일,14:00,원주종합체육관,종료  원주 DB  73  창원 LG  51,정규시즌
2024.11.10 일,14:00,대구체육관,종료  대구 한국가스공사  64  울산 현대모비스  67,정규시즌
2024.11.10 일,16:00,잠실학생체육관,종료  서울 SK  91  고양 소노  71,정규시즌
2024.11.11 월,19:00,수원 KT 아레나,종료  수원 KT  69  안양 정관장  58,정규시즌
2024.11.12 화,19:00,원주종합체육관,종료  원주 DB  80  서울 SK  88,정규시즌
2024.11.13 수,19:00,고양 소노 아레나,종료  고양 소노  78  울산 현대모비스  80,정규시즌
2024.11.14 목,19:00,대구체육관,종료  대구 한국가스공사  64  원주 DB  69,정규시즌
2024.11.14 목,19:00,창원체육관,종료  창원 LG  76  수원 KT  78,정규시즌
2024.11.15 금,경기가 없습니다.,경기가 없습니다.,경기가 없습니다.,경기가 없습니다.
2024.11.16 토,경기가 없습니다.,경기가 없습니다.,경기가 없습니다.,경기가 없습니다.
2024.11.17 일,경기가 없습니다.,경기가 없습니다.,경기가 없습니다.,경기가 없습니다.
2024.11.18 월,경기가 없습니다.,경기가 없습니다.,경기가 없습니다.,경기가 없습니다.
2024.11.19 화,경기가 없습니다.,경기가 없습니다.,경기가 없습니다.,경기가 없습니다.
2024.11.20 수,경기가 없습니다.,경기가 없습니다.,경기가 없습니다.,경기가 없습니다.
2024.11.21 목,경기가 없습니다.,경기가 없습니다.,경기가 없습니다.,경기가 없습니다.
2024.11.22 금,경기가 없습니다.,경기가 없습니다.,경기가 없습니다.,경기가 없습니다.
2024.11.23 토,경기가 없습니다.,경기가 없습니다.,경기가 없습니다.,경기가 없습니다.
2024.11.24 일,경기가 없습니다.,경기가 없습니다.,경기가 없습니다.,경기가 없습니다.
2024.11.25 월,경기가 없습니다.,경기가 없습니다.,경기가 없습니다.,경기가 없습니다.
2024.11.26 화,경기가 없습니다.,경기가 없습니다.,경기가 없습니다.,경기가 없습니다.
2024.11.27 수,19:00,부산사직체육관,종료  부산 KCC  84  울산 현대모비스  81,정규시즌
2024.11.27 수,19:00,창원체육관,종료  창원 LG  73  서울 SK  78,정규시즌
2024.11.28 목,19:00,잠실실내체육관,종료  서울 삼성  71  수원 KT  83,정규시즌
2024.11.28 목,19:00,원주종합체육관,종료  원주 DB  88  고양 소노  78,정규시즌
2024.11.29 금,19:00,잠실학생체육관,종료  서울 SK  69  대구 한국가스공사  67,정규시즌
2024.11.29 금,19:00,안양 정관장 아레나,종료  안양 정관장  85  부산 KCC  79,정규시즌
2024.11.30 토,14:00,수원 KT 아레나,종료  수원 KT  73  울산 현대모비스  85,정규시즌
2024.11.30 토,14:00,고양 소노 아레나,종료  고양 소노  78  창원 LG  86,정규시즌
2024.11.30 토,16:00,잠실실내체육관,종료  서울 삼성  66  원주 DB  76,정규시즌
2024.12.01 일,14:00,잠실학생체육관,종료  서울 SK  100  수원 KT  62,정규시즌
2024.12.01 일,14:00,고양 소노 아레나,종료  고양 소노  67  부산 KCC  74,정규시즌
2024.12.01 일,16:00,대구체육관,종료  대구 한국가스공사  83  안양 정관장  80,정규시즌
2024.12.02 월,19:00,잠실실내체육관,종료  서울 삼성  71  울산 현대모비스  87,정규시즌
2024.12.03 화,19:00,대구체육관,종료  대구 한국가스공사  85  고양 소노  63,정규시즌
2024.12.04 수,19:00,원주종합체육관,종료  원주 DB  98  안양 정관장  67,정규시즌
2024.12.05 목,19:00,울산동천체육관,종료  울산 현대모비스  83  창원 LG  75,정규시즌
2024.12.05 목,19:00,대구체육관,종료  대구 한국가스공사  59  서울 삼성  74,정규시즌
2024.12.06 금,19:00,안양 정관장 아레나,종료  안양 정관장  69  서울 SK  73,정규시즌
2024.12.06 금,19:00,고양 소노 아레나,종료  고양 소노  64  수원 KT  72,정규시즌
2024.12.07 토,14:00,울산동천체육관,종료  울산 현대모비스  89  대구 한국가스공사  85,정규시즌
2024.12.07 토,14:00,잠실실내체육관,종료  서울 삼성  61  부산 KCC  78,정규시즌
2024.12.07 토,16:00,창원체육관,종료  창원 LG  76  원주 DB  74,정규시즌
2024.12.08 일,14:00,수원 KT 아레나,종료  수원 KT  60  부산 KCC  58,정규시즌
2024.12.08 일,14:00,고양 소노 아레나,종료  고양 소노  81  서울 SK  92,정규시즌
2024.12.08 일,16:00,울산동천체육관,종료  울산 현대모비스  71  안양 정관장  95,정규시즌
2024.12.09 월,19:00,대구체육관,종료  대구 한국가스공사  85  창원 LG  78,정규시즌
2024.12.10 화,19:00,부산사직체육관,종료  부산 KCC  80  서울 SK  74,정규시즌
2024.12.11 수,19:00,안양 정관장 아레나,종료  안양 정관장  73  서울 삼성  80,정규시즌
2024.12.12 목,19:00,대구체육관,종료  대구 한국가스공사  78  부산 KCC  100,정규시즌
2024.12.12 목,19:00,울산동천체육관,종료  울산 현대모비스  87  원주 DB  84,정규시즌
2024.12.13 금,19:00,고양 소노 아레나,종료  고양 소노  73  서울 삼성  82,정규시즌
2024.12.13 금,19:00,안양 정관장 아레나,종료  안양 정관장  68  창원 LG  79,정규시즌
2024.12.14 토,14:00,부산사직체육관,종료  부산 KCC  88  원주 DB  92,정규시즌
2024.12.14 토,14:00,수원 KT 아레나,종료  수원 KT  83  대구 한국가스공사  87,정규시즌
2024.12.14 토,16:00,잠실학생체육관,종료  서울 SK  89  울산 현대모비스  90,정규시즌
2024.12.15 일,14:00,부산사직체육관,종료  부산 KCC  52  창원 LG  74,정규시즌
2024.12.15 일,14:00,안양 정관장 아레나,종료  안양 정관장  79  고양 소노  78,정규시즌
2024.12.15 일,16:00,잠실학생체육관,종료  서울 SK  84  서울 삼성  88,정규시즌
2024.12.16 월,19:00,원주종합체육관,종료  원주 DB  72  수원 KT  66,정규시즌
2024.12.17 화,19:00,창원체육관,종료  창원 LG  90  서울 삼성  76,정규시즌
2024.12.18 수,19:00,고양 소노 아레나,종료  고양 소노  75  수원 KT  58,정규시즌
2024.12.19 목,19:00,울산동천체육관,종료  울산 현대모비스  81  서울 삼성  79,정규시즌
2024.12.19 목,19:00,원주종합체육관,종료  원주 DB  74  안양 정관장  57,정규시즌
2024.12.20 금,19:00,창원체육관,종료  창원 LG  86  부산 KCC  74,정규시즌
2024.12.20 금,19:00,수원 KT 아레나,종료  수원 KT  88  대구 한국가스공사  86,정규시즌
2024.12.21 토,14:00,고양 소노 아레나,종료  고양 소노  81  서울 삼성  61,정규시즌
2024.12.21 토,14:00,안양 정관장 아레나,종료  안양 정관장  73  서울 SK  77,정규시즌
2024.12.21 토,16:00,원주종합체육관,종료  원주 DB  95  울산 현대모비스  72,정규시즌
2024.12.22 일,14:00,부산사직체육관,종료  부산 KCC  71  대구 한국가스공사  97,정규시즌
2024.12.22 일,14:00,안양 정관장 아레나,종료  안양 정관장  60  창원 LG  69,정규시즌
2024.12.22 일,16:00,원주종합체육관,종료  원주 DB  77  수원 KT  81,정규시즌
2024.12.23 월,경기가 없습니다.,경기가 없습니다.,경기가 없습니다.,경기가 없습니다.
2024.12.24 화,19:00,수원 KT 아레나,종료  수원 KT  91  울산 현대모비스  78,정규시즌
2024.12.25 수,14:00,부산사직체육관,종료  부산 KCC  94  안양 정관장  68,정규시즌
2024.12.25 수,14:00,고양 소노 아레나,종료  고양 소노  87  원주 DB  81,정규시즌
2024.12.25 수,16:00,잠실학생체육관,종료  서울 SK  63  서울 삼성  60,정규시즌
2024.12.26 목,19:00,대구체육관,종료  대구 한국가스공사  54  창원 LG  85,정규시즌
2024.12.27 금,19:00,부산사직체육관,종료  부산 KCC  79  울산 현대모비스  95,정규시즌
2024.12.27 금,19:00,원주종합체육관,종료  원주 DB  80  서울 SK  75,정규시즌
2024.12.28 토,14:00,창원체육관,종료  창원 LG  74  수원 KT  72,정규시즌
2024.12.28 토,14:00,대구체육관,종료  대구 한국가스공사  76  고양 소노  73,정규시즌
2024.12.28 토,16:00,안양 정관장 아레나,종료  안양 정관장  78  서울 삼성  100,정규시즌
2024.12.29 일,14:00,창원체육관,종료  창원 LG  94  원주 DB  60,정규시즌
2024.12.29 일,14:00,울산동천체육관,종료  울산 현대모비스  84  고양 소노  67,정규시즌
2024.12.29 일,16:00,부산사직체육관,종료  부산 KCC  86  서울 SK  96,정규시즌
2024.12.30 월,경기가 없습니다.,경기가 없습니다.,경기가 없습니다.,경기가 없습니다.
2024.12.31 화,22:00,울산동천체육관,종료  울산 현대모비스  88  대구 한국가스공사  81,정규시즌
