연도,날짜,요일,홈,방문,구장,관중수
2023,2023.4.1,토,키움,한화,고척,"16,000"
2023,2023.4.1,토,SSG,KIA,문학,"23,000"
2023,2023.4.1,토,KT,LG,수원,"18,700"
2023,2023.4.1,토,두산,롯데,잠실,"23,750"
2023,2023.4.1,토,삼성,NC,대구,"24,000"
2023,2023.4.2,일,키움,한화,고척,"11,562"
2023,2023.4.2,일,SSG,KIA,문학,"23,000"
2023,2023.4.2,일,KT,LG,수원,"14,700"
2023,2023.4.2,일,두산,롯데,잠실,"23,750"
2023,2023.4.2,일,삼성,NC,대구,"18,483"
2023,2023.4.4,화,삼성,한화,대구,"5,936"
2023,2023.4.4,화,키움,LG,고척,"4,510"
2023,2023.4.4,화,SSG,롯데,문학,"5,809"
2023,2023.4.4,화,두산,NC,잠실,"3,924"
2023,2023.4.5,수,키움,LG,고척,"4,194"
2023,2023.4.5,수,두산,NC,잠실,"2,172"
2023,2023.4.6,목,삼성,한화,대구,"6,525"
2023,2023.4.6,목,키움,LG,고척,"4,556"
2023,2023.4.6,목,두산,NC,잠실,"3,724"
2023,2023.4.7,금,롯데,KT,사직,"14,734"
2023,2023.4.7,금,KIA,두산,광주,"12,821"
2023,2023.4.7,금,한화,SSG,대전,"10,415"
2023,2023.4.7,금,LG,삼성,잠실,"17,201"
2023,2023.4.7,금,NC,키움,창원,"6,867"
2023,2023.4.8,토,롯데,KT,사직,"16,555"
2023,2023.4.8,토,KIA,두산,광주,"16,432"
2023,2023.4.8,토,한화,SSG,대전,"11,232"
2023,2023.4.8,토,LG,삼성,잠실,"22,141"
2023,2023.4.8,토,NC,키움,창원,"9,763"
2023,2023.4.9,일,롯데,KT,사직,"12,283"
2023,2023.4.9,일,KIA,두산,광주,"14,070"
2023,2023.4.9,일,한화,SSG,대전,"9,455"
2023,2023.4.9,일,LG,삼성,잠실,"20,439"
2023,2023.4.9,일,NC,키움,창원,"7,686"
2023,2023.4.11,화,KIA,한화,광주,"3,623"
2023,2023.4.11,화,NC,KT,창원,"2,069"
2023,2023.4.11,화,롯데,LG,사직,"5,286"
2023,2023.4.11,화,삼성,SSG,대구,"3,907"
2023,2023.4.11,화,두산,키움,잠실,"4,372"
2023,2023.4.12,수,KIA,한화,광주,"5,252"
2023,2023.4.12,수,NC,KT,창원,"2,448"
2023,2023.4.12,수,롯데,LG,사직,"6,519"
2023,2023.4.12,수,삼성,SSG,대구,"5,405"
2023,2023.4.13,목,KIA,한화,광주,"5,457"
2023,2023.4.13,목,NC,KT,창원,"3,174"
2023,2023.4.13,목,롯데,LG,사직,"6,505"
2023,2023.4.13,목,삼성,SSG,대구,"4,648"
2023,2023.4.13,목,두산,키움,잠실,"6,917"
2023,2023.4.14,금,KT,한화,수원,"7,145"
2023,2023.4.14,금,키움,KIA,고척,"8,043"
2023,2023.4.14,금,삼성,롯데,대구,"9,124"
2023,2023.4.14,금,SSG,NC,문학,"8,218"
2023,2023.4.14,금,LG,두산,잠실,"16,528"
2023,2023.4.15,토,KT,한화,수원,"13,212"
2023,2023.4.15,토,키움,KIA,고척,"13,752"
2023,2023.4.15,토,삼성,롯데,대구,"18,231"
2023,2023.4.15,토,SSG,NC,문학,"13,956"
2023,2023.4.15,토,LG,두산,잠실,"21,243"
2023,2023.4.16,일,KT,한화,수원,"13,010"
2023,2023.4.16,일,키움,KIA,고척,"11,265"
2023,2023.4.16,일,삼성,롯데,대구,"16,076"
2023,2023.4.16,일,SSG,NC,문학,"13,460"
2023,2023.4.16,일,LG,두산,잠실,"20,090"
2023,2023.4.18,화,롯데,KIA,사직,"3,829"
2023,2023.4.18,화,LG,NC,잠실,"6,574"
2023,2023.4.18,화,한화,두산,대전,"4,012"
2023,2023.4.18,화,KT,SSG,수원,"3,398"
2023,2023.4.18,화,키움,삼성,고척,"3,104"
2023,2023.4.19,수,롯데,KIA,사직,"4,869"
2023,2023.4.19,수,LG,NC,잠실,"7,090"
2023,2023.4.19,수,한화,두산,대전,"4,212"
2023,2023.4.19,수,KT,SSG,수원,"3,405"
2023,2023.4.19,수,키움,삼성,고척,"3,869"
2023,2023.4.20,목,롯데,KIA,사직,"6,423"
2023,2023.4.20,목,LG,NC,잠실,"9,090"
2023,2023.4.20,목,한화,두산,대전,"4,122"
2023,2023.4.20,목,KT,SSG,수원,"4,472"
2023,2023.4.20,목,키움,삼성,고척,"3,918"
2023,2023.4.21,금,두산,KT,잠실,"6,896"
2023,2023.4.21,금,한화,LG,대전,"6,004"
2023,2023.4.21,금,NC,롯데,창원,"12,613"
2023,2023.4.21,금,KIA,삼성,광주,"6,870"
2023,2023.4.21,금,SSG,키움,문학,"12,374"
2023,2023.4.22,토,두산,KT,잠실,"13,410"
2023,2023.4.22,토,한화,LG,대전,"11,152"
2023,2023.4.22,토,NC,롯데,창원,"15,130"
2023,2023.4.22,토,KIA,삼성,광주,"12,990"
2023,2023.4.22,토,SSG,키움,문학,"16,535"
2023,2023.4.23,일,두산,KT,잠실,"10,151"
2023,2023.4.23,일,한화,LG,대전,"9,023"
2023,2023.4.23,일,NC,롯데,창원,"13,286"
2023,2023.4.23,일,KIA,삼성,광주,"10,026"
2023,2023.4.23,일,SSG,키움,문학,"15,878"
2023,2023.4.25,화,키움,KT,고척,"2,956"
2023,2023.4.25,화,KIA,NC,광주,"2,216"
2023,2023.4.25,화,LG,SSG,잠실,"7,344"
2023,2023.4.26,수,롯데,한화,사직,"7,905"
2023,2023.4.26,수,키움,KT,고척,"2,489"
2023,2023.4.26,수,KIA,NC,광주,"4,798"
2023,2023.4.26,수,삼성,두산,대구,"9,213"
2023,2023.4.26,수,LG,SSG,잠실,"10,419"
2023,2023.4.27,목,롯데,한화,사직,"10,393"
2023,2023.4.27,목,키움,KT,고척,"3,024"
2023,2023.4.27,목,KIA,NC,광주,"6,017"
2023,2023.4.27,목,삼성,두산,대구,"8,473"
2023,2023.4.27,목,LG,SSG,잠실,"13,061"
2023,2023.4.28,금,LG,KIA,잠실,"22,695"
2023,2023.4.28,금,한화,NC,대전,"7,242"
2023,2023.4.28,금,SSG,두산,문학,"14,909"
2023,2023.4.28,금,KT,삼성,수원,"7,314"
2023,2023.4.28,금,롯데,키움,사직,"14,343"
2023,2023.4.29,토,LG,KIA,잠실,"23,750"
2023,2023.4.29,토,한화,NC,대전,"7,813"
2023,2023.4.29,토,SSG,두산,문학,"20,180"
2023,2023.4.29,토,KT,삼성,수원,"12,039"
2023,2023.4.30,일,LG,KIA,잠실,"23,750"
2023,2023.4.30,일,한화,NC,대전,"10,442"
2023,2023.4.30,일,SSG,두산,문학,"21,026"
2023,2023.4.30,일,KT,삼성,수원,"14,582"
2023,2023.4.30,일,롯데,키움,사직,"22,990"
2023,2023.5.2,화,두산,한화,잠실,"9,834"
2023,2023.5.2,화,SSG,KT,문학,"6,950"
2023,2023.5.2,화,NC,LG,창원,"3,939"
2023,2023.5.2,화,KIA,롯데,광주,"8,892"
2023,2023.5.2,화,삼성,키움,대구,"10,624"
2023,2023.5.3,수,두산,한화,잠실,"14,271"
2023,2023.5.3,수,SSG,KT,문학,"7,703"
2023,2023.5.3,수,NC,LG,창원,"4,874"
2023,2023.5.3,수,KIA,롯데,광주,"13,815"
2023,2023.5.3,수,삼성,키움,대구,"13,394"
2023,2023.5.4,목,두산,한화,잠실,"10,825"
2023,2023.5.4,목,SSG,KT,문학,"7,529"
2023,2023.5.4,목,삼성,키움,대구,"12,076"
2023,2023.5.5,금,키움,SSG,고척,"16,000"
2023,2023.5.6,토,키움,SSG,고척,"11,063"
2023,2023.5.7,일,한화,KT,대전,"8,551"
2023,2023.5.7,일,두산,LG,잠실,"22,073"
2023,2023.5.7,일,키움,SSG,고척,"7,623"
2023,2023.5.9,화,KT,NC,수원,"2,764"
2023,2023.5.9,화,롯데,두산,사직,"11,643"
2023,2023.5.9,화,KIA,SSG,광주,"8,916"
2023,2023.5.9,화,한화,삼성,대전,"5,014"
2023,2023.5.9,화,LG,키움,잠실,"10,421"
2023,2023.5.10,수,KT,NC,수원,"3,734"
2023,2023.5.10,수,롯데,두산,사직,"11,435"
2023,2023.5.10,수,KIA,SSG,광주,"8,481"
2023,2023.5.10,수,한화,삼성,대전,"5,865"
2023,2023.5.10,수,LG,키움,잠실,"12,125"
2023,2023.5.11,목,KT,NC,수원,"3,934"
2023,2023.5.11,목,롯데,두산,사직,"13,350"
2023,2023.5.11,목,KIA,SSG,광주,"8,898"
2023,2023.5.11,목,한화,삼성,대전,"6,007"
2023,2023.5.11,목,LG,키움,잠실,"11,773"
2023,2023.5.12,금,SSG,한화,문학,"14,395"
2023,2023.5.12,금,두산,KIA,잠실,"20,563"
2023,2023.5.12,금,삼성,LG,대구,"13,765"
2023,2023.5.12,금,KT,롯데,수원,"10,937"
2023,2023.5.12,금,키움,NC,고척,"3,866"
2023,2023.5.13,토,SSG,한화,문학,"23,000"
2023,2023.5.13,토,두산,KIA,잠실,"23,750"
2023,2023.5.13,토,삼성,LG,대구,"21,817"
2023,2023.5.13,토,KT,롯데,수원,"18,700"
2023,2023.5.13,토,키움,NC,고척,"6,573"
2023,2023.5.14,일,SSG,한화,문학,"20,757"
2023,2023.5.14,일,두산,KIA,잠실,"23,750"
2023,2023.5.14,일,삼성,LG,대구,"18,569"
2023,2023.5.14,일,KT,롯데,수원,"15,470"
2023,2023.5.14,일,키움,NC,고척,"5,634"
2023,2023.5.16,화,삼성,KIA,대구,"9,112"
2023,2023.5.16,화,LG,KT,잠실,"8,567"
2023,2023.5.16,화,한화,롯데,대전,"6,138"
2023,2023.5.16,화,키움,두산,고척,"5,662"
2023,2023.5.16,화,NC,SSG,창원,"4,113"
2023,2023.5.17,수,삼성,KIA,대구,"10,979"
2023,2023.5.17,수,LG,KT,잠실,"9,838"
2023,2023.5.17,수,한화,롯데,대전,"6,269"
2023,2023.5.17,수,키움,두산,고척,"5,232"
2023,2023.5.17,수,NC,SSG,창원,"4,344"
2023,2023.5.18,목,LG,KT,잠실,"9,155"
2023,2023.5.18,목,한화,롯데,대전,"6,116"
2023,2023.5.18,목,키움,두산,고척,"5,742"
2023,2023.5.19,금,LG,한화,잠실,"19,798"
2023,2023.5.19,금,KT,두산,수원,"6,817"
2023,2023.5.19,금,롯데,SSG,사직,"19,011"
2023,2023.5.19,금,NC,삼성,창원,"8,493"
2023,2023.5.19,금,KIA,키움,광주,"11,290"
2023,2023.5.20,토,LG,한화,잠실,"23,750"
2023,2023.5.20,토,KT,두산,수원,"13,253"
2023,2023.5.20,토,롯데,SSG,사직,"22,990"
2023,2023.5.20,토,NC,삼성,창원,"14,870"
2023,2023.5.20,토,KIA,키움,광주,"19,030"
2023,2023.5.21,일,LG,한화,잠실,"22,054"
2023,2023.5.21,일,KT,두산,수원,"10,521"
2023,2023.5.21,일,롯데,SSG,사직,"22,990"
2023,2023.5.21,일,NC,삼성,창원,"10,910"
2023,2023.5.21,일,KIA,키움,광주,"14,617"
2023,2023.5.23,화,한화,KIA,대전,"6,376"
2023,2023.5.23,화,SSG,LG,문학,"12,508"
2023,2023.5.23,화,롯데,NC,사직,"15,047"
2023,2023.5.23,화,두산,삼성,잠실,"10,733"
2023,2023.5.23,화,KT,키움,수원,"4,203"
2023,2023.5.24,수,한화,KIA,대전,"7,004"
2023,2023.5.24,수,SSG,LG,문학,"16,829"
2023,2023.5.24,수,롯데,NC,사직,"14,244"
2023,2023.5.24,수,두산,삼성,잠실,"11,108"
2023,2023.5.24,수,KT,키움,수원,"5,173"
2023,2023.5.25,목,한화,KIA,대전,"8,186"
2023,2023.5.25,목,SSG,LG,문학,"17,575"
2023,2023.5.25,목,롯데,NC,사직,"15,221"
2023,2023.5.25,목,두산,삼성,잠실,"11,005"
2023,2023.5.25,목,KT,키움,수원,"5,235"
2023,2023.5.26,금,NC,한화,창원,"5,952"
2023,2023.5.26,금,삼성,KT,대구,"12,874"
2023,2023.5.26,금,KIA,LG,광주,"10,954"
2023,2023.5.26,금,키움,롯데,고척,"11,692"
2023,2023.5.26,금,두산,SSG,잠실,"10,428"
2023,2023.5.27,토,NC,한화,창원,"9,558"
2023,2023.5.27,토,삼성,KT,대구,"17,305"
2023,2023.5.27,토,KIA,LG,광주,"17,931"
2023,2023.5.27,토,키움,롯데,고척,"16,000"
2023,2023.5.28,일,삼성,KT,대구,"14,523"
2023,2023.5.28,일,KIA,LG,광주,"17,015"
2023,2023.5.28,일,키움,롯데,고척,"16,000"
2023,2023.5.30,화,KIA,KT,광주,"5,352"
2023,2023.5.30,화,LG,롯데,잠실,"20,330"
2023,2023.5.30,화,NC,두산,창원,"3,180"
2023,2023.5.30,화,SSG,삼성,문학,"10,232"
2023,2023.5.30,화,한화,키움,대전,"4,486"
2023,2023.5.31,수,KIA,KT,광주,"7,244"
2023,2023.5.31,수,LG,롯데,잠실,"21,269"
2023,2023.5.31,수,NC,두산,창원,"4,180"
2023,2023.5.31,수,SSG,삼성,문학,"10,745"
2023,2023.5.31,수,한화,키움,대전,"4,384"
2023,2023.6.1,목,LG,롯데,잠실,"22,020"
2023,2023.6.1,목,SSG,삼성,문학,"9,028"
2023,2023.6.1,목,한화,키움,대전,"5,040"
2023,2023.6.2,금,롯데,KIA,사직,"18,996"
2023,2023.6.2,금,LG,NC,잠실,"10,238"
2023,2023.6.2,금,KT,두산,수원,"5,157"
2023,2023.6.2,금,한화,삼성,대전,"6,675"
2023,2023.6.2,금,SSG,키움,문학,"12,533"
2023,2023.6.3,토,롯데,KIA,사직,"22,990"
2023,2023.6.3,토,LG,NC,잠실,"18,890"
2023,2023.6.3,토,KT,두산,수원,"12,155"
2023,2023.6.3,토,한화,삼성,대전,"12,000"
2023,2023.6.3,토,SSG,키움,문학,"19,071"
2023,2023.6.4,일,롯데,KIA,사직,"22,990"
2023,2023.6.4,일,LG,NC,잠실,"15,096"
2023,2023.6.4,일,KT,두산,수원,"10,239"
2023,2023.6.4,일,한화,삼성,대전,"12,000"
2023,2023.6.4,일,SSG,키움,문학,"17,007"
2023,2023.6.6,화,두산,한화,잠실,"21,146"
2023,2023.6.6,화,롯데,KT,사직,"20,441"
2023,2023.6.6,화,키움,LG,고척,"14,903"
2023,2023.6.6,화,삼성,NC,대구,"14,639"
2023,2023.6.6,화,KIA,SSG,광주,"15,130"
2023,2023.6.7,수,두산,한화,잠실,"8,497"
2023,2023.6.7,수,롯데,KT,사직,"10,066"
2023,2023.6.7,수,키움,LG,고척,"5,390"
2023,2023.6.7,수,삼성,NC,대구,"7,119"
2023,2023.6.7,수,KIA,SSG,광주,"7,569"
2023,2023.6.8,목,두산,한화,잠실,"8,509"
2023,2023.6.8,목,롯데,KT,사직,"10,504"
2023,2023.6.8,목,키움,LG,고척,"6,076"
2023,2023.6.8,목,삼성,NC,대구,"5,989"
2023,2023.6.8,목,KIA,SSG,광주,"6,646"
2023,2023.6.9,금,두산,KIA,잠실,"16,250"
2023,2023.6.9,금,한화,LG,대전,"6,005"
2023,2023.6.9,금,삼성,롯데,대구,"15,893"
2023,2023.6.9,금,NC,SSG,창원,"5,110"
2023,2023.6.9,금,KT,키움,수원,"5,033"
2023,2023.6.10,토,두산,KIA,잠실,"22,233"
2023,2023.6.10,토,한화,LG,대전,"11,072"
2023,2023.6.10,토,삼성,롯데,대구,"24,000"
2023,2023.6.10,토,NC,SSG,창원,"11,026"
2023,2023.6.10,토,KT,키움,수원,"9,622"
2023,2023.6.11,일,두산,KIA,잠실,"18,623"
2023,2023.6.11,일,한화,LG,대전,"7,601"
2023,2023.6.11,일,삼성,롯데,대구,"18,496"
2023,2023.6.11,일,NC,SSG,창원,"7,210"
2023,2023.6.11,일,KT,키움,수원,"6,806"
2023,2023.6.13,화,롯데,한화,사직,"16,007"
2023,2023.6.13,화,키움,KIA,고척,"7,834"
2023,2023.6.13,화,SSG,KT,문학,"6,568"
2023,2023.6.13,화,NC,두산,창원,"3,699"
2023,2023.6.13,화,LG,삼성,잠실,"11,103"
2023,2023.6.14,수,롯데,한화,사직,"10,803"
2023,2023.6.14,수,키움,KIA,고척,"8,016"
2023,2023.6.14,수,SSG,KT,문학,"6,579"
2023,2023.6.14,수,NC,두산,창원,"3,154"
2023,2023.6.14,수,LG,삼성,잠실,"11,725"
2023,2023.6.15,목,롯데,한화,사직,"12,594"
2023,2023.6.15,목,키움,KIA,고척,"8,528"
2023,2023.6.15,목,SSG,KT,문학,"6,736"
2023,2023.6.15,목,NC,두산,창원,"3,633"
2023,2023.6.15,목,LG,삼성,잠실,"12,023"
2023,2023.6.16,금,SSG,롯데,문학,"18,013"
2023,2023.6.16,금,KIA,NC,광주,"10,170"
2023,2023.6.16,금,LG,두산,잠실,"18,826"
2023,2023.6.16,금,KT,삼성,수원,"6,998"
2023,2023.6.16,금,한화,키움,대전,"7,005"
2023,2023.6.17,토,SSG,롯데,문학,"23,000"
2023,2023.6.17,토,KIA,NC,광주,"15,992"
2023,2023.6.17,토,LG,두산,잠실,"22,878"
2023,2023.6.17,토,KT,삼성,수원,"14,935"
2023,2023.6.17,토,한화,키움,대전,"11,008"
2023,2023.6.18,일,SSG,롯데,문학,"19,156"
2023,2023.6.18,일,KIA,NC,광주,"13,967"
2023,2023.6.18,일,LG,두산,잠실,"19,038"
2023,2023.6.18,일,KT,삼성,수원,"10,137"
2023,2023.6.18,일,한화,키움,대전,"8,163"
2023,2023.6.20,화,한화,KIA,대전,"5,451"
2023,2023.6.20,화,NC,LG,창원,"3,433"
2023,2023.6.20,화,KT,롯데,수원,"5,773"
2023,2023.6.20,화,두산,SSG,잠실,"6,186"
2023,2023.6.20,화,삼성,키움,대구,"7,667"
2023,2023.6.21,수,한화,KIA,대전,"5,207"
2023,2023.6.21,수,NC,LG,창원,"3,571"
2023,2023.6.21,수,KT,롯데,수원,"6,024"
2023,2023.6.21,수,두산,SSG,잠실,"5,473"
2023,2023.6.21,수,삼성,키움,대구,"7,453"
2023,2023.6.22,목,한화,KIA,대전,"7,675"
2023,2023.6.22,목,NC,LG,창원,"4,997"
2023,2023.6.22,목,KT,롯데,수원,"7,861"
2023,2023.6.22,목,두산,SSG,잠실,"7,291"
2023,2023.6.22,목,삼성,키움,대구,"10,176"
2023,2023.6.23,금,NC,한화,창원,"6,376"
2023,2023.6.23,금,KIA,KT,광주,"9,018"
2023,2023.6.23,금,LG,롯데,잠실,"21,089"
2023,2023.6.23,금,키움,두산,고척,"7,316"
2023,2023.6.23,금,SSG,삼성,문학,"12,744"
2023,2023.6.24,토,NC,한화,창원,"13,791"
2023,2023.6.24,토,KIA,KT,광주,"14,043"
2023,2023.6.24,토,LG,롯데,잠실,"23,750"
2023,2023.6.24,토,키움,두산,고척,"11,717"
2023,2023.6.24,토,SSG,삼성,문학,"20,062"
2023,2023.6.25,일,LG,롯데,잠실,"20,846"
2023,2023.6.25,일,키움,두산,고척,"9,549"
2023,2023.6.25,일,SSG,삼성,문학,"14,722"
2023,2023.6.27,화,한화,KT,대전,"4,625"
2023,2023.6.27,화,SSG,LG,문학,"12,244"
2023,2023.6.27,화,두산,NC,잠실,"5,302"
2023,2023.6.27,화,롯데,삼성,사직,"11,654"
2023,2023.6.27,화,KIA,키움,광주,"5,349"
2023,2023.6.28,수,한화,KT,대전,"5,007"
2023,2023.6.28,수,SSG,LG,문학,"11,045"
2023,2023.6.28,수,두산,NC,잠실,"5,400"
2023,2023.6.28,수,롯데,삼성,사직,"13,787"
2023,2023.6.28,수,KIA,키움,광주,"4,816"
2023,2023.6.30,금,삼성,한화,대구,"8,114"
2023,2023.6.30,금,LG,KIA,잠실,"20,568"
2023,2023.6.30,금,KT,NC,수원,"4,596"
2023,2023.6.30,금,롯데,두산,울산,"6,894"
2023,2023.6.30,금,키움,SSG,고척,"7,164"
2023,2023.7.1,토,삼성,한화,대구,"18,151"
2023,2023.7.1,토,LG,KIA,잠실,"23,750"
2023,2023.7.1,토,KT,NC,수원,"9,551"
2023,2023.7.1,토,롯데,두산,울산,"10,013"
2023,2023.7.1,토,키움,SSG,고척,"10,836"
2023,2023.7.2,일,삼성,한화,대구,"12,395"
2023,2023.7.2,일,LG,KIA,잠실,"20,959"
2023,2023.7.2,일,KT,NC,수원,"5,406"
2023,2023.7.2,일,롯데,두산,울산,"7,588"
2023,2023.7.2,일,키움,SSG,고척,"9,512"
2023,2023.7.4,화,키움,NC,고척,"4,474"
2023,2023.7.4,화,삼성,두산,포항,"4,182"
2023,2023.7.5,수,SSG,KIA,문학,"13,025"
2023,2023.7.5,수,LG,KT,잠실,"9,707"
2023,2023.7.5,수,한화,롯데,대전,"7,760"
2023,2023.7.5,수,키움,NC,고척,"4,027"
2023,2023.7.5,수,삼성,두산,포항,"5,902"
2023,2023.7.6,목,SSG,KIA,문학,"17,513"
2023,2023.7.6,목,LG,KT,잠실,"10,736"
2023,2023.7.6,목,한화,롯데,대전,"10,061"
2023,2023.7.6,목,키움,NC,고척,"4,013"
2023,2023.7.6,목,삼성,두산,포항,"6,923"
2023,2023.7.7,금,KT,KIA,수원,"16,315"
2023,2023.7.7,금,두산,키움,잠실,"14,123"
2023,2023.7.8,토,KT,KIA,수원,"18,700"
2023,2023.7.8,토,롯데,LG,사직,"19,496"
2023,2023.7.8,토,한화,SSG,대전,"12,000"
2023,2023.7.8,토,NC,삼성,창원,"12,462"
2023,2023.7.8,토,두산,키움,잠실,"19,676"
2023,2023.7.9,일,KT,KIA,수원,"18,700"
2023,2023.7.9,일,롯데,LG,사직,"15,860"
2023,2023.7.9,일,한화,SSG,대전,"10,168"
2023,2023.7.9,일,NC,삼성,창원,"8,522"
2023,2023.7.9,일,두산,키움,잠실,"11,472"
2023,2023.7.11,화,키움,KT,고척,"4,217"
2023,2023.7.12,수,LG,한화,잠실,"17,812"
2023,2023.7.12,수,키움,KT,고척,"3,890"
2023,2023.7.12,수,NC,롯데,창원,"13,074"
2023,2023.7.12,수,SSG,두산,문학,"19,699"
2023,2023.7.12,수,KIA,삼성,광주,"8,470"
2023,2023.7.13,목,키움,KT,고척,"4,520"
2023,2023.7.13,목,NC,롯데,창원,"10,316"
2023,2023.7.13,목,KIA,삼성,광주,"7,085"
2023,2023.7.21,금,삼성,KT,대구,"7,833"
2023,2023.7.21,금,한화,NC,대전,"8,475"
2023,2023.7.21,금,KIA,두산,광주,"9,779"
2023,2023.7.21,금,LG,SSG,잠실,"17,524"
2023,2023.7.21,금,롯데,키움,사직,"13,431"
2023,2023.7.22,토,삼성,KT,대구,"10,356"
2023,2023.7.22,토,한화,NC,대전,"10,021"
2023,2023.7.22,토,롯데,키움,사직,"14,266"
2023,2023.7.23,일,삼성,KT,대구,"8,613"
2023,2023.7.23,일,롯데,키움,사직,"11,470"
2023,2023.7.25,화,키움,한화,고척,"9,886"
2023,2023.7.25,화,NC,KIA,창원,"5,668"
2023,2023.7.25,화,KT,LG,수원,"7,948"
2023,2023.7.25,화,두산,롯데,잠실,"12,700"
2023,2023.7.25,화,삼성,SSG,대구,"5,557"
2023,2023.7.26,수,키움,한화,고척,"11,324"
2023,2023.7.26,수,NC,KIA,창원,"6,325"
2023,2023.7.26,수,KT,LG,수원,"8,134"
2023,2023.7.26,수,두산,롯데,잠실,"13,620"
2023,2023.7.26,수,삼성,SSG,대구,"6,955"
2023,2023.7.27,목,키움,한화,고척,"11,650"
2023,2023.7.27,목,NC,KIA,창원,"7,279"
2023,2023.7.27,목,KT,LG,수원,"8,413"
2023,2023.7.27,목,두산,롯데,잠실,"12,511"
2023,2023.7.27,목,삼성,SSG,대구,"7,663"
2023,2023.7.28,금,SSG,한화,문학,"14,386"
2023,2023.7.28,금,NC,KT,창원,"4,676"
2023,2023.7.28,금,두산,LG,잠실,"16,987"
2023,2023.7.28,금,KIA,롯데,광주,"10,295"
2023,2023.7.28,금,키움,삼성,고척,"7,755"
2023,2023.7.29,토,SSG,한화,문학,"21,344"
2023,2023.7.29,토,NC,KT,창원,"8,309"
2023,2023.7.29,토,두산,LG,잠실,"21,126"
2023,2023.7.29,토,KIA,롯데,광주,"14,754"
2023,2023.7.29,토,키움,삼성,고척,"11,851"
2023,2023.7.30,일,SSG,한화,문학,"18,158"
2023,2023.7.30,일,NC,KT,창원,"6,181"
2023,2023.7.30,일,두산,LG,잠실,"19,500"
2023,2023.7.30,일,KIA,롯데,광주,"11,796"
2023,2023.7.30,일,키움,삼성,고척,"11,235"
2023,2023.8.1,화,삼성,KIA,포항,"6,912"
2023,2023.8.1,화,롯데,NC,사직,"13,326"
2023,2023.8.1,화,한화,두산,대전,"10,225"
2023,2023.8.1,화,KT,SSG,수원,"7,831"
2023,2023.8.1,화,LG,키움,잠실,"12,159"
2023,2023.8.2,수,삼성,KIA,포항,"6,477"
2023,2023.8.2,수,롯데,NC,사직,"11,444"
2023,2023.8.2,수,한화,두산,대전,"9,011"
2023,2023.8.2,수,KT,SSG,수원,"7,780"
2023,2023.8.2,수,LG,키움,잠실,"11,740"
2023,2023.8.3,목,삼성,KIA,포항,"6,357"
2023,2023.8.3,목,롯데,NC,사직,"10,162"
2023,2023.8.3,목,한화,두산,대전,"9,024"
2023,2023.8.3,목,KT,SSG,수원,"7,521"
2023,2023.8.3,목,LG,키움,잠실,"12,179"
2023,2023.8.4,금,KIA,한화,광주,"11,495"
2023,2023.8.4,금,두산,KT,잠실,"6,358"
2023,2023.8.4,금,삼성,LG,대구,"10,856"
2023,2023.8.4,금,롯데,SSG,사직,"8,545"
2023,2023.8.4,금,NC,키움,창원,"5,107"
2023,2023.8.5,토,KIA,한화,광주,"13,487"
2023,2023.8.5,토,두산,KT,잠실,"8,847"
2023,2023.8.5,토,삼성,LG,대구,"15,879"
2023,2023.8.5,토,롯데,SSG,사직,"10,670"
2023,2023.8.5,토,NC,키움,창원,"8,244"
2023,2023.8.6,일,KIA,한화,광주,"10,125"
2023,2023.8.6,일,두산,KT,잠실,"6,744"
2023,2023.8.6,일,삼성,LG,대구,"11,446"
2023,2023.8.6,일,롯데,SSG,사직,"8,162"
2023,2023.8.6,일,NC,키움,창원,"6,583"
2023,2023.8.8,화,KT,한화,수원,"9,704"
2023,2023.8.8,화,키움,롯데,고척,"8,376"
2023,2023.8.8,화,SSG,NC,문학,"8,131"
2023,2023.8.8,화,두산,삼성,잠실,"8,519"
2023,2023.8.9,수,KT,한화,수원,"10,099"
2023,2023.8.9,수,KIA,LG,광주,"3,700"
2023,2023.8.9,수,키움,롯데,고척,"7,424"
2023,2023.8.9,수,SSG,NC,문학,"6,473"
2023,2023.8.9,수,두산,삼성,잠실,"8,344"
2023,2023.8.10,목,키움,롯데,고척,"6,240"
2023,2023.8.11,금,롯데,KIA,사직,"10,118"
2023,2023.8.11,금,KT,NC,수원,"5,969"
2023,2023.8.11,금,한화,두산,대전,"7,333"
2023,2023.8.11,금,SSG,삼성,문학,"7,495"
2023,2023.8.11,금,LG,키움,잠실,"11,910"
2023,2023.8.12,토,롯데,KIA,사직,"16,677"
2023,2023.8.12,토,KT,NC,수원,"10,138"
2023,2023.8.12,토,한화,두산,대전,"12,000"
2023,2023.8.12,토,SSG,삼성,문학,"18,055"
2023,2023.8.12,토,LG,키움,잠실,"17,624"
2023,2023.8.13,일,롯데,KIA,사직,"14,325"
2023,2023.8.13,일,KT,NC,수원,"9,736"
2023,2023.8.13,일,한화,두산,대전,"11,007"
2023,2023.8.13,일,SSG,삼성,문학,"16,473"
2023,2023.8.13,일,LG,키움,잠실,"18,279"
2023,2023.8.15,화,NC,한화,창원,"10,116"
2023,2023.8.15,화,두산,KT,잠실,"11,069"
2023,2023.8.15,화,삼성,LG,대구,"14,248"
2023,2023.8.15,화,롯데,SSG,사직,"11,871"
2023,2023.8.15,화,KIA,키움,광주,"11,541"
2023,2023.8.16,수,NC,한화,창원,"5,033"
2023,2023.8.16,수,두산,KT,잠실,"5,160"
2023,2023.8.16,수,삼성,LG,대구,"7,441"
2023,2023.8.16,수,롯데,SSG,사직,"10,542"
2023,2023.8.16,수,KIA,키움,광주,"7,050"
2023,2023.8.17,목,NC,한화,창원,"4,875"
2023,2023.8.17,목,두산,KT,잠실,"4,943"
2023,2023.8.17,목,삼성,LG,대구,"7,415"
2023,2023.8.17,목,롯데,SSG,사직,"9,843"
2023,2023.8.17,목,KIA,키움,광주,"6,159"
2023,2023.8.18,금,삼성,KIA,대구,"10,630"
2023,2023.8.18,금,한화,KT,대전,"7,003"
2023,2023.8.18,금,SSG,LG,문학,"14,549"
2023,2023.8.18,금,키움,롯데,고척,"8,817"
2023,2023.8.19,토,삼성,KIA,대구,"17,448"
2023,2023.8.19,토,한화,KT,대전,"11,606"
2023,2023.8.19,토,SSG,LG,문학,"23,000"
2023,2023.8.19,토,키움,롯데,고척,"13,423"
2023,2023.8.19,토,두산,NC,잠실,"12,240"
2023,2023.8.20,일,삼성,KIA,대구,"12,586"
2023,2023.8.20,일,한화,KT,대전,"8,762"
2023,2023.8.20,일,SSG,LG,문학,"18,441"
2023,2023.8.20,일,키움,롯데,고척,"12,545"
2023,2023.8.20,일,두산,NC,잠실,"8,286"
2023,2023.8.22,화,KT,KIA,수원,"7,916"
2023,2023.8.22,화,키움,두산,고척,"6,455"
2023,2023.8.22,화,한화,삼성,대전,"5,806"
2023,2023.8.23,수,키움,두산,고척,"6,455"
2023,2023.8.24,목,KT,KIA,수원,"9,846"
2023,2023.8.24,목,LG,롯데,잠실,"15,547"
2023,2023.8.24,목,SSG,NC,문학,"6,683"
2023,2023.8.24,목,키움,두산,고척,"6,819"
2023,2023.8.25,금,KIA,한화,광주,"8,457"
2023,2023.8.25,금,롯데,KT,사직,"10,709"
2023,2023.8.25,금,NC,LG,창원,"9,288"
2023,2023.8.25,금,두산,SSG,잠실,"8,363"
2023,2023.8.25,금,삼성,키움,대구,"11,135"
2023,2023.8.26,토,KIA,한화,광주,"16,812"
2023,2023.8.26,토,롯데,KT,사직,"15,657"
2023,2023.8.26,토,NC,LG,창원,"13,484"
2023,2023.8.26,토,두산,SSG,잠실,"15,101"
2023,2023.8.26,토,삼성,키움,대구,"17,586"
2023,2023.8.27,일,KIA,한화,광주,"12,627"
2023,2023.8.27,일,롯데,KT,사직,"10,735"
2023,2023.8.27,일,NC,LG,창원,"8,771"
2023,2023.8.27,일,두산,SSG,잠실,"11,300"
2023,2023.8.27,일,삼성,키움,대구,"13,461"
2023,2023.8.30,수,SSG,키움,문학,"7,809"
2023,2023.8.31,목,한화,롯데,대전,"7,179"
2023,2023.8.31,목,KIA,NC,광주,"7,152"
2023,2023.8.31,목,LG,두산,잠실,"17,859"
2023,2023.8.31,목,KT,삼성,수원,"8,071"
2023,2023.8.31,목,SSG,키움,문학,"9,780"
2023,2023.9.1,금,LG,한화,잠실,"20,381"
2023,2023.9.1,금,SSG,KIA,문학,"17,281"
2023,2023.9.1,금,키움,KT,고척,"3,746"
2023,2023.9.1,금,삼성,NC,대구,"12,843"
2023,2023.9.2,토,LG,한화,잠실,"23,574"
2023,2023.9.2,토,SSG,KIA,문학,"23,000"
2023,2023.9.2,토,키움,KT,고척,"6,731"
2023,2023.9.2,토,삼성,NC,대구,"20,468"
2023,2023.9.3,일,LG,한화,잠실,"22,858"
2023,2023.9.3,일,SSG,KIA,문학,"23,000"
2023,2023.9.3,일,키움,KT,고척,"5,778"
2023,2023.9.3,일,삼성,NC,대구,"14,601"
2023,2023.9.3,일,롯데,두산,사직,"11,436"
2023,2023.9.4,월,롯데,두산,사직,"4,621"
2023,2023.9.5,화,KT,LG,수원,"10,153"
2023,2023.9.5,화,한화,SSG,대전,"5,124"
2023,2023.9.5,화,롯데,삼성,울산,"5,999"
2023,2023.9.5,화,NC,키움,창원,"3,511"
2023,2023.9.6,수,두산,KIA,잠실,"20,468"
2023,2023.9.6,수,KT,LG,수원,"10,075"
2023,2023.9.6,수,한화,SSG,대전,"7,213"
2023,2023.9.6,수,롯데,삼성,울산,"6,380"
2023,2023.9.6,수,NC,키움,창원,"4,269"
2023,2023.9.7,목,두산,KIA,잠실,"21,838"
2023,2023.9.7,목,KT,LG,수원,"10,799"
2023,2023.9.7,목,한화,SSG,대전,"7,236"
2023,2023.9.7,목,롯데,삼성,울산,"7,156"
2023,2023.9.7,목,NC,키움,창원,"4,780"
2023,2023.9.8,금,키움,한화,고척,"7,715"
2023,2023.9.8,금,KIA,LG,광주,"12,280"
2023,2023.9.8,금,NC,롯데,창원,"12,684"
2023,2023.9.8,금,KT,SSG,수원,"7,200"
2023,2023.9.8,금,두산,삼성,잠실,"15,991"
2023,2023.9.9,토,키움,한화,고척,"9,962"
2023,2023.9.9,토,키움,한화,고척,"10,028"
2023,2023.9.9,토,KIA,LG,광주,"11,820"
2023,2023.9.9,토,KIA,LG,광주,"18,462"
2023,2023.9.9,토,NC,롯데,창원,"10,933"
2023,2023.9.9,토,NC,롯데,창원,"17,861"
2023,2023.9.9,토,KT,SSG,수원,"13,739"
2023,2023.9.9,토,두산,삼성,잠실,"14,279"
2023,2023.9.9,토,두산,삼성,잠실,"21,514"
2023,2023.9.10,일,키움,한화,고척,"11,313"
2023,2023.9.10,일,KIA,LG,광주,"13,948"
2023,2023.9.10,일,NC,롯데,창원,"13,984"
2023,2023.9.10,일,KT,SSG,수원,"11,212"
2023,2023.9.10,일,두산,삼성,잠실,"17,467"
2023,2023.9.12,화,두산,한화,잠실,"10,169"
2023,2023.9.12,화,삼성,KIA,대구,"9,037"
2023,2023.9.12,화,SSG,KT,문학,"10,309"
2023,2023.9.12,화,롯데,NC,사직,"8,202"
2023,2023.9.13,수,NC,KT,창원,"3,919"
2023,2023.9.13,수,KIA,롯데,광주,"6,323"
2023,2023.9.14,목,삼성,KT,대구,"6,850"
2023,2023.9.14,목,두산,SSG,잠실,"7,257"
2023,2023.9.15,금,한화,LG,대전,"5,724"
2023,2023.9.15,금,KIA,두산,광주,"7,350"
2023,2023.9.15,금,NC,삼성,창원,"4,129"
2023,2023.9.15,금,롯데,키움,사직,"6,409"
2023,2023.9.16,토,LG,SSG,잠실,"18,576"
2023,2023.9.17,일,한화,KT,대전,"7,406"
2023,2023.9.17,일,한화,KT,대전,"6,228"
2023,2023.9.17,일,삼성,롯데,대구,"18,746"
2023,2023.9.17,일,KIA,두산,광주,"12,878"
2023,2023.9.17,일,LG,SSG,잠실,"15,193"
2023,2023.9.17,일,LG,SSG,잠실,"14,237"
2023,2023.9.18,월,한화,KT,대전,"3,425"
2023,2023.9.18,월,KIA,두산,광주,"3,482"
2023,2023.9.19,화,KIA,LG,광주,"8,871"
2023,2023.9.19,화,두산,NC,잠실,"6,726"
2023,2023.9.19,화,한화,SSG,대전,"4,014"
2023,2023.9.19,화,KT,삼성,수원,"7,216"
2023,2023.9.19,화,롯데,키움,사직,"5,523"
2023,2023.9.21,목,한화,KIA,대전,"7,747"
2023,2023.9.21,목,SSG,LG,문학,"12,353"
2023,2023.9.21,목,KT,롯데,수원,"7,691"
2023,2023.9.21,목,키움,NC,고척,"5,178"
2023,2023.9.21,목,삼성,두산,대구,"7,596"
2023,2023.9.22,금,KIA,KT,광주,"10,221"
2023,2023.9.22,금,SSG,롯데,문학,"11,561"
2023,2023.9.22,금,LG,NC,잠실,"16,269"
2023,2023.9.22,금,삼성,두산,대구,"11,568"
2023,2023.9.22,금,한화,키움,대전,"7,088"
2023,2023.9.23,토,LG,한화,잠실,"22,765"
2023,2023.9.23,토,KIA,KT,광주,"13,846"
2023,2023.9.23,토,SSG,롯데,문학,"19,725"
2023,2023.9.23,토,NC,두산,창원,"11,026"
2023,2023.9.24,일,LG,한화,잠실,"20,369"
2023,2023.9.24,일,KIA,KT,광주,"10,108"
2023,2023.9.24,일,SSG,롯데,문학,"16,280"
2023,2023.9.24,일,NC,두산,창원,"8,247"
2023,2023.9.26,화,NC,KIA,창원,"6,945"
2023,2023.9.27,수,NC,KIA,창원,"3,775"
2023,2023.9.27,수,NC,KIA,창원,"8,190"
2023,2023.9.27,수,LG,KT,잠실,"5,656"
2023,2023.9.27,수,LG,KT,잠실,"14,733"
2023,2023.9.27,수,SSG,두산,문학,"6,526"
2023,2023.9.27,수,SSG,두산,문학,"12,132"
2023,2023.9.27,수,한화,삼성,대전,"2,807"
2023,2023.9.27,수,한화,삼성,대전,"7,281"
2023,2023.9.28,목,롯데,한화,사직,"12,227"
2023,2023.9.28,목,NC,KIA,창원,"11,864"
2023,2023.9.28,목,키움,SSG,고척,"7,082"
2023,2023.9.28,목,LG,삼성,잠실,"21,057"
2023,2023.9.29,금,롯데,한화,사직,"10,279"
2023,2023.9.29,금,키움,KIA,고척,"14,472"
2023,2023.9.29,금,두산,LG,잠실,"20,951"
2023,2023.9.30,토,SSG,KIA,문학,"22,191"
2023,2023.9.30,토,두산,LG,잠실,"23,750"
2023,2023.9.30,토,삼성,NC,대구,"24,000"
2023,2023.10.1,일,SSG,KIA,문학,"22,701"
2023,2023.10.1,일,두산,LG,잠실,"23,750"
2023,2023.10.1,일,한화,NC,대전,"11,004"
2023,2023.10.1,일,롯데,삼성,사직,"20,159"
2023,2023.10.1,일,KT,키움,수원,"11,337"
2023,2023.10.2,월,KT,LG,수원,"18,700"
2023,2023.10.2,월,한화,NC,대전,"12,000"
2023,2023.10.2,월,롯데,삼성,사직,"15,868"
2023,2023.10.2,월,롯데,삼성,사직,"16,293"
2023,2023.10.2,월,두산,키움,잠실,"18,050"
2023,2023.10.3,화,KT,KIA,수원,"16,841"
2023,2023.10.3,화,SSG,NC,문학,"14,507"
2023,2023.10.3,화,롯데,삼성,사직,"13,042"
2023,2023.10.3,화,두산,키움,잠실,"14,588"
2023,2023.10.4,수,삼성,한화,대구,"12,571"
2023,2023.10.4,수,KT,KIA,수원,"3,908"
2023,2023.10.4,수,KT,KIA,수원,"5,907"
2023,2023.10.4,수,롯데,LG,사직,"6,970"
2023,2023.10.4,수,SSG,NC,문학,"8,006"
2023,2023.10.5,목,삼성,한화,대구,"14,483"
2023,2023.10.5,목,KT,KIA,수원,"7,264"
2023,2023.10.5,목,롯데,LG,사직,"10,040"
2023,2023.10.5,목,SSG,NC,문학,"9,004"
2023,2023.10.6,금,SSG,한화,문학,"15,755"
2023,2023.10.6,금,LG,KIA,잠실,"23,750"
2023,2023.10.6,금,KT,삼성,수원,"8,132"
2023,2023.10.7,토,KT,한화,수원,"15,210"
2023,2023.10.7,토,키움,LG,고척,"13,301"
2023,2023.10.7,토,두산,롯데,잠실,"19,916"
2023,2023.10.7,토,NC,SSG,창원,"13,479"
2023,2023.10.8,일,KT,한화,수원,"15,197"
2023,2023.10.8,일,두산,롯데,잠실,"21,392"
2023,2023.10.8,일,NC,SSG,창원,"10,073"
2023,2023.10.8,일,KIA,삼성,광주,"16,005"
2023,2023.10.9,월,NC,한화,창원,"8,716"
2023,2023.10.9,월,LG,롯데,잠실,"22,807"
2023,2023.10.9,월,KIA,삼성,광주,"12,758"
2023,2023.10.10,화,NC,한화,창원,"7,342"
2023,2023.10.10,화,LG,롯데,잠실,"18,521"
2023,2023.10.10,화,KT,두산,수원,"10,937"
2023,2023.10.10,화,KIA,SSG,광주,"8,333"
2023,2023.10.10,화,키움,삼성,고척,"11,757"
2023,2023.10.11,수,롯데,두산,사직,"9,940"
2023,2023.10.11,수,KIA,키움,광주,"3,656"
2023,2023.10.12,목,KIA,롯데,광주,"4,767"
2023,2023.10.12,목,두산,NC,잠실,"7,113"
2023,2023.10.13,금,두산,KIA,잠실,"19,188"
2023,2023.10.13,금,NC,LG,창원,"6,257"
2023,2023.10.13,금,SSG,키움,문학,"16,783"
2023,2023.10.14,토,한화,롯데,대전,"9,153"
2023,2023.10.14,토,LG,두산,잠실,"21,771"
2023,2023.10.14,토,삼성,SSG,대구,"24,000"
2023,2023.10.15,일,한화,롯데,대전,"9,840"
2023,2023.10.15,일,LG,두산,잠실,"23,750"
2023,2023.10.15,일,NC,삼성,창원,"17,861"
2023,2023.10.16,월,한화,롯데,대전,"12,000"
2023,2023.10.16,월,KIA,NC,광주,"5,251"
2023,2023.10.16,월,두산,SSG,잠실,"15,850"
2023,2023.10.17,화,KIA,NC,광주,"10,175"
2023,2023.10.17,화,SSG,두산,문학,"21,007"
2024,2024.3.23,토,LG,한화,잠실,"23,750"
2024,2024.3.23,토,SSG,롯데,문학,"23,000"
2024,2024.3.23,토,NC,두산,창원,"17,891"
2024,2024.3.23,토,KT,삼성,수원,"18,700"
2024,2024.3.23,토,KIA,키움,광주,"20,500"
2024,2024.3.24,일,LG,한화,잠실,"23,750"
2024,2024.3.24,일,SSG,롯데,문학,"23,000"
2024,2024.3.24,일,NC,두산,창원,"14,555"
2024,2024.3.24,일,KT,삼성,수원,"18,700"
2024,2024.3.26,화,SSG,한화,문학,"10,541"
2024,2024.3.26,화,KIA,롯데,광주,"7,328"
2024,2024.3.26,화,KT,두산,수원,"4,378"
2024,2024.3.26,화,LG,삼성,잠실,"14,229"
2024,2024.3.26,화,NC,키움,창원,"2,839"
2024,2024.3.27,수,SSG,한화,문학,"11,005"
2024,2024.3.27,수,KIA,롯데,광주,"8,672"
2024,2024.3.27,수,KT,두산,수원,"5,271"
2024,2024.3.27,수,LG,삼성,잠실,"18,041"
2024,2024.3.27,수,NC,키움,창원,"3,681"
2024,2024.3.28,목,SSG,한화,문학,"11,755"
2024,2024.3.28,목,KT,두산,수원,"4,304"
2024,2024.3.28,목,LG,삼성,잠실,"13,420"
2024,2024.3.29,금,두산,KIA,잠실,"23,750"
2024,2024.3.29,금,한화,KT,대전,"12,000"
2024,2024.3.29,금,키움,LG,고척,"8,465"
2024,2024.3.29,금,롯데,NC,사직,"21,554"
2024,2024.3.29,금,삼성,SSG,대구,"21,479"
2024,2024.3.30,토,두산,KIA,잠실,"23,750"
2024,2024.3.30,토,한화,KT,대전,"12,000"
2024,2024.3.30,토,키움,LG,고척,"13,462"
2024,2024.3.30,토,롯데,NC,사직,"22,754"
2024,2024.3.30,토,삼성,SSG,대구,"24,000"
2024,2024.3.31,일,두산,KIA,잠실,"23,750"
2024,2024.3.31,일,한화,KT,대전,"12,000"
2024,2024.3.31,일,키움,LG,고척,"11,822"
2024,2024.3.31,일,롯데,NC,사직,"21,578"
2024,2024.3.31,일,삼성,SSG,대구,"22,886"
2024,2024.4.2,화,KT,KIA,수원,"9,682"
2024,2024.4.2,화,한화,롯데,대전,"12,000"
2024,2024.4.2,화,LG,NC,잠실,"11,845"
2024,2024.4.2,화,SSG,두산,문학,"12,379"
2024,2024.4.2,화,삼성,키움,대구,"8,541"
2024,2024.4.3,수,KT,KIA,수원,"8,050"
2024,2024.4.3,수,LG,NC,잠실,"10,239"
2024,2024.4.3,수,SSG,두산,문학,"12,128"
2024,2024.4.4,목,KT,KIA,수원,"10,722"
2024,2024.4.4,목,한화,롯데,대전,"12,000"
2024,2024.4.4,목,LG,NC,잠실,"11,406"
2024,2024.4.4,목,SSG,두산,문학,"14,249"
2024,2024.4.4,목,삼성,키움,대구,"8,193"
2024,2024.4.5,금,키움,한화,고척,"16,000"
2024,2024.4.5,금,LG,KT,잠실,"13,818"
2024,2024.4.5,금,롯데,두산,사직,"12,289"
2024,2024.4.5,금,NC,SSG,창원,"5,452"
2024,2024.4.5,금,KIA,삼성,광주,"14,233"
2024,2024.4.6,토,키움,한화,고척,"16,000"
2024,2024.4.6,토,LG,KT,잠실,"21,824"
2024,2024.4.6,토,롯데,두산,사직,"19,208"
2024,2024.4.6,토,NC,SSG,창원,"11,064"
2024,2024.4.6,토,KIA,삼성,광주,"20,500"
2024,2024.4.7,일,키움,한화,고척,"16,000"
2024,2024.4.7,일,LG,KT,잠실,"19,249"
2024,2024.4.7,일,롯데,두산,사직,"16,755"
2024,2024.4.7,일,NC,SSG,창원,"8,861"
2024,2024.4.7,일,KIA,삼성,광주,"20,500"
2024,2024.4.9,화,두산,한화,잠실,"23,598"
2024,2024.4.9,화,NC,KT,창원,"4,918"
2024,2024.4.9,화,KIA,LG,광주,"11,817"
2024,2024.4.9,화,롯데,삼성,사직,"15,076"
2024,2024.4.9,화,SSG,키움,문학,"9,468"
2024,2024.4.10,수,두산,한화,잠실,"23,750"
2024,2024.4.10,수,NC,KT,창원,"9,895"
2024,2024.4.10,수,KIA,LG,광주,"20,500"
2024,2024.4.10,수,롯데,삼성,사직,"22,758"
2024,2024.4.10,수,SSG,키움,문학,"20,511"
2024,2024.4.11,목,두산,한화,잠실,"22,157"
2024,2024.4.11,목,NC,KT,창원,"3,311"
2024,2024.4.11,목,KIA,LG,광주,"11,475"
2024,2024.4.11,목,롯데,삼성,사직,"11,628"
2024,2024.4.11,목,SSG,키움,문학,"7,250"
2024,2024.4.12,금,한화,KIA,대전,"12,000"
2024,2024.4.12,금,두산,LG,잠실,"19,916"
2024,2024.4.12,금,키움,롯데,고척,"8,838"
2024,2024.4.12,금,삼성,NC,대구,"13,104"
2024,2024.4.12,금,KT,SSG,수원,"6,912"
2024,2024.4.13,토,한화,KIA,대전,"12,000"
2024,2024.4.13,토,두산,LG,잠실,"23,750"
2024,2024.4.13,토,키움,롯데,고척,"14,197"
2024,2024.4.13,토,삼성,NC,대구,"24,000"
2024,2024.4.13,토,KT,SSG,수원,"13,995"
2024,2024.4.14,일,한화,KIA,대전,"12,000"
2024,2024.4.14,일,두산,LG,잠실,"22,586"
2024,2024.4.14,일,키움,롯데,고척,"12,333"
2024,2024.4.14,일,삼성,NC,대구,"20,667"
2024,2024.4.14,일,KT,SSG,수원,"11,280"
2024,2024.4.16,화,NC,한화,창원,"4,658"
2024,2024.4.16,화,SSG,KIA,문학,"12,712"
2024,2024.4.16,화,키움,KT,고척,"2,877"
2024,2024.4.16,화,LG,롯데,잠실,"16,635"
2024,2024.4.16,화,삼성,두산,대구,"7,793"
2024,2024.4.17,수,NC,한화,창원,"9,921"
2024,2024.4.17,수,SSG,KIA,문학,"16,062"
2024,2024.4.17,수,키움,KT,고척,"3,272"
2024,2024.4.17,수,LG,롯데,잠실,"16,509"
2024,2024.4.17,수,삼성,두산,대구,"8,393"
2024,2024.4.18,목,SSG,KIA,문학,"14,263"
2024,2024.4.18,목,키움,KT,고척,"2,901"
2024,2024.4.18,목,LG,롯데,잠실,"18,200"
2024,2024.4.18,목,삼성,두산,대구,"8,697"
2024,2024.4.19,금,롯데,KT,사직,"10,636"
2024,2024.4.19,금,SSG,LG,문학,"14,097"
2024,2024.4.19,금,KIA,NC,광주,"16,889"
2024,2024.4.19,금,한화,삼성,대전,"12,000"
2024,2024.4.19,금,두산,키움,잠실,"10,649"
2024,2024.4.20,토,KIA,NC,광주,"17,462"
2024,2024.4.20,토,한화,삼성,대전,"12,000"
2024,2024.4.21,일,롯데,KT,사직,"14,423"
2024,2024.4.21,일,롯데,KT,사직,"7,582"
2024,2024.4.21,일,SSG,LG,문학,"19,858"
2024,2024.4.21,일,SSG,LG,문학,"9,656"
2024,2024.4.21,일,KIA,NC,광주,"20,500"
2024,2024.4.21,일,한화,삼성,대전,"12,000"
2024,2024.4.21,일,두산,키움,잠실,"13,745"
2024,2024.4.21,일,두산,키움,잠실,"6,197"
2024,2024.4.23,화,KT,한화,수원,"10,887"
2024,2024.4.23,화,키움,KIA,고척,"10,205"
2024,2024.4.23,화,삼성,LG,대구,"7,494"
2024,2024.4.23,화,두산,NC,잠실,"5,664"
2024,2024.4.24,수,KT,한화,수원,"12,538"
2024,2024.4.24,수,키움,KIA,고척,"11,048"
2024,2024.4.24,수,삼성,LG,대구,"10,159"
2024,2024.4.24,수,두산,NC,잠실,"6,444"
2024,2024.4.24,수,롯데,SSG,사직,"8,499"
2024,2024.4.25,목,KT,한화,수원,"11,247"
2024,2024.4.25,목,키움,KIA,고척,"13,287"
2024,2024.4.25,목,삼성,LG,대구,"12,012"
2024,2024.4.25,목,두산,NC,잠실,"7,385"
2024,2024.4.25,목,롯데,SSG,사직,"10,518"
2024,2024.4.26,금,LG,KIA,잠실,"23,750"
2024,2024.4.26,금,SSG,KT,문학,"10,075"
2024,2024.4.26,금,NC,롯데,창원,"16,573"
2024,2024.4.26,금,한화,두산,대전,"12,000"
2024,2024.4.26,금,키움,삼성,고척,"9,519"
2024,2024.4.27,토,LG,KIA,잠실,"23,750"
2024,2024.4.27,토,SSG,KT,문학,"16,957"
2024,2024.4.27,토,NC,롯데,창원,"17,891"
2024,2024.4.27,토,한화,두산,대전,"12,000"
2024,2024.4.27,토,키움,삼성,고척,"15,073"
2024,2024.4.28,일,LG,KIA,잠실,"23,750"
2024,2024.4.28,일,SSG,KT,문학,"13,196"
2024,2024.4.28,일,NC,롯데,창원,"17,891"
2024,2024.4.28,일,한화,두산,대전,"12,000"
2024,2024.4.28,일,키움,삼성,고척,"13,354"
2024,2024.4.30,화,KIA,KT,광주,"17,210"
2024,2024.4.30,화,NC,LG,창원,"7,278"
2024,2024.4.30,화,한화,SSG,대전,"12,000"
2024,2024.4.30,화,두산,삼성,잠실,"20,170"
2024,2024.4.30,화,롯데,키움,사직,"13,376"
2024,2024.5.1,수,KIA,KT,광주,"17,402"
2024,2024.5.1,수,NC,LG,창원,"10,397"
2024,2024.5.1,수,한화,SSG,대전,"12,000"
2024,2024.5.1,수,두산,삼성,잠실,"23,750"
2024,2024.5.1,수,롯데,키움,사직,"14,791"
2024,2024.5.2,목,KIA,KT,광주,"16,502"
2024,2024.5.2,목,NC,LG,창원,"6,338"
2024,2024.5.2,목,한화,SSG,대전,"10,890"
2024,2024.5.2,목,두산,삼성,잠실,"20,395"
2024,2024.5.2,목,롯데,키움,사직,"12,569"
2024,2024.5.3,금,KIA,한화,광주,"20,500"
2024,2024.5.3,금,삼성,롯데,대구,"24,000"
2024,2024.5.3,금,SSG,NC,문학,"13,737"
2024,2024.5.3,금,LG,두산,잠실,"23,750"
2024,2024.5.3,금,KT,키움,수원,"8,213"
2024,2024.5.4,토,KIA,한화,광주,"20,500"
2024,2024.5.4,토,삼성,롯데,대구,"24,000"
2024,2024.5.4,토,SSG,NC,문학,"22,079"
2024,2024.5.4,토,LG,두산,잠실,"23,750"
2024,2024.5.4,토,KT,키움,수원,"14,620"
2024,2024.5.7,화,키움,두산,고척,"7,339"
2024,2024.5.7,화,LG,SSG,잠실,"13,387"
2024,2024.5.8,수,롯데,한화,사직,"11,407"
2024,2024.5.8,수,삼성,KIA,대구,"15,421"
2024,2024.5.8,수,KT,NC,수원,"4,480"
2024,2024.5.8,수,키움,두산,고척,"6,405"
2024,2024.5.8,수,LG,SSG,잠실,"15,699"
2024,2024.5.9,목,롯데,한화,사직,"12,774"
2024,2024.5.9,목,삼성,KIA,대구,"16,769"
2024,2024.5.9,목,KT,NC,수원,"6,369"
2024,2024.5.9,목,키움,두산,고척,"8,658"
2024,2024.5.9,목,LG,SSG,잠실,"16,823"
2024,2024.5.10,금,두산,KT,잠실,"13,013"
2024,2024.5.10,금,롯데,LG,사직,"15,731"
2024,2024.5.10,금,KIA,SSG,광주,"18,895"
2024,2024.5.10,금,NC,삼성,창원,"12,438"
2024,2024.5.10,금,한화,키움,대전,"12,000"
2024,2024.5.11,토,롯데,LG,사직,"22,758"
2024,2024.5.11,토,NC,삼성,창원,"17,891"
2024,2024.5.11,토,한화,키움,대전,"12,000"
2024,2024.5.12,일,두산,KT,잠실,"16,308"
2024,2024.5.12,일,두산,KT,잠실,"9,026"
2024,2024.5.12,일,롯데,LG,사직,"18,914"
2024,2024.5.12,일,KIA,SSG,광주,"20,500"
2024,2024.5.12,일,KIA,SSG,광주,"12,743"
2024,2024.5.12,일,NC,삼성,창원,"16,181"
2024,2024.5.12,일,한화,키움,대전,"12,000"
2024,2024.5.14,화,KT,롯데,수원,"10,120"
2024,2024.5.14,화,한화,NC,대전,"12,000"
2024,2024.5.14,화,KIA,두산,광주,"18,675"
2024,2024.5.14,화,SSG,삼성,문학,"16,595"
2024,2024.5.14,화,LG,키움,잠실,"18,479"
2024,2024.5.15,수,한화,NC,대전,"12,000"
2024,2024.5.15,수,KIA,두산,광주,"20,500"
2024,2024.5.16,목,KT,롯데,수원,"8,312"
2024,2024.5.16,목,한화,NC,대전,"9,522"
2024,2024.5.16,목,KIA,두산,광주,"15,996"
2024,2024.5.16,목,SSG,삼성,문학,"13,791"
2024,2024.5.16,목,LG,키움,잠실,"15,054"
2024,2024.5.17,금,삼성,한화,대구,"24,000"
2024,2024.5.17,금,NC,KIA,창원,"12,280"
2024,2024.5.17,금,KT,LG,수원,"11,374"
2024,2024.5.17,금,두산,롯데,잠실,"23,750"
2024,2024.5.17,금,키움,SSG,고척,"9,806"
2024,2024.5.18,토,삼성,한화,대구,"24,000"
2024,2024.5.18,토,NC,KIA,창원,"17,891"
2024,2024.5.18,토,KT,LG,수원,"18,700"
2024,2024.5.18,토,두산,롯데,잠실,"23,750"
2024,2024.5.18,토,키움,SSG,고척,"12,133"
2024,2024.5.19,일,삼성,한화,대구,"24,000"
2024,2024.5.19,일,NC,KIA,창원,"16,253"
2024,2024.5.19,일,KT,LG,수원,"15,912"
2024,2024.5.19,일,두산,롯데,잠실,"23,750"
2024,2024.5.19,일,키움,SSG,고척,"10,049"
2024,2024.5.21,화,롯데,KIA,사직,"14,006"
2024,2024.5.21,화,삼성,KT,대구,"13,360"
2024,2024.5.21,화,한화,LG,대전,"9,335"
2024,2024.5.21,화,키움,NC,고척,"3,940"
2024,2024.5.21,화,두산,SSG,잠실,"13,917"
2024,2024.5.22,수,롯데,KIA,사직,"14,062"
2024,2024.5.22,수,삼성,KT,대구,"13,232"
2024,2024.5.22,수,한화,LG,대전,"9,044"
2024,2024.5.22,수,키움,NC,고척,"4,337"
2024,2024.5.22,수,두산,SSG,잠실,"12,642"
2024,2024.5.23,목,롯데,KIA,사직,"15,844"
2024,2024.5.23,목,삼성,KT,대구,"13,291"
2024,2024.5.23,목,한화,LG,대전,"10,008"
2024,2024.5.23,목,키움,NC,고척,"3,897"
2024,2024.5.23,목,두산,SSG,잠실,"12,131"
2024,2024.5.24,금,SSG,한화,문학,"22,451"
2024,2024.5.24,금,LG,NC,잠실,"18,551"
2024,2024.5.24,금,KIA,두산,광주,"20,500"
2024,2024.5.24,금,롯데,삼성,사직,"20,577"
2024,2024.5.24,금,KT,키움,수원,"6,867"
2024,2024.5.25,토,SSG,한화,문학,"23,000"
2024,2024.5.25,토,LG,NC,잠실,"22,261"
2024,2024.5.25,토,KIA,두산,광주,"20,500"
2024,2024.5.25,토,롯데,삼성,사직,"22,758"
2024,2024.5.25,토,KT,키움,수원,"12,425"
2024,2024.5.26,일,LG,NC,잠실,"17,692"
2024,2024.5.26,일,KIA,두산,광주,"20,500"
2024,2024.5.26,일,롯데,삼성,사직,"22,758"
2024,2024.5.28,화,NC,KIA,창원,"8,024"
2024,2024.5.28,화,두산,KT,잠실,"8,459"
2024,2024.5.28,화,SSG,LG,문학,"14,116"
2024,2024.5.28,화,한화,롯데,대전,"11,168"
2024,2024.5.28,화,삼성,키움,대구,"10,884"
2024,2024.5.29,수,NC,KIA,창원,"7,994"
2024,2024.5.29,수,두산,KT,잠실,"8,811"
2024,2024.5.29,수,SSG,LG,문학,"14,413"
2024,2024.5.29,수,한화,롯데,대전,"10,807"
2024,2024.5.29,수,삼성,키움,대구,"15,080"
2024,2024.5.30,목,NC,KIA,창원,"7,349"
2024,2024.5.30,목,두산,KT,잠실,"7,915"
2024,2024.5.30,목,SSG,LG,문학,"15,902"
2024,2024.5.30,목,한화,롯데,대전,"11,405"
2024,2024.5.30,목,삼성,키움,대구,"12,748"
2024,2024.5.31,금,삼성,한화,대구,"24,000"
2024,2024.5.31,금,KIA,KT,광주,"20,500"
2024,2024.5.31,금,두산,LG,잠실,"23,750"
2024,2024.5.31,금,롯데,NC,사직,"17,760"
2024,2024.5.31,금,키움,SSG,고척,"5,680"
2024,2024.6.1,토,삼성,한화,대구,"24,000"
2024,2024.6.1,토,KIA,KT,광주,"20,500"
2024,2024.6.1,토,두산,LG,잠실,"23,750"
2024,2024.6.1,토,롯데,NC,사직,"22,758"
2024,2024.6.1,토,키움,SSG,고척,"10,462"
2024,2024.6.2,일,삼성,한화,대구,"24,000"
2024,2024.6.2,일,KIA,KT,광주,"20,500"
2024,2024.6.2,일,두산,LG,잠실,"23,750"
2024,2024.6.2,일,롯데,NC,사직,"21,896"
2024,2024.6.2,일,키움,SSG,고척,"8,745"
2024,2024.6.4,화,KT,한화,수원,"11,426"
2024,2024.6.4,화,KIA,롯데,광주,"16,158"
2024,2024.6.4,화,NC,두산,창원,"5,448"
2024,2024.6.4,화,SSG,삼성,문학,"10,135"
2024,2024.6.4,화,LG,키움,잠실,"14,490"
2024,2024.6.5,수,KT,한화,수원,"14,626"
2024,2024.6.5,수,KIA,롯데,광주,"19,045"
2024,2024.6.5,수,NC,두산,창원,"9,892"
2024,2024.6.5,수,SSG,삼성,문학,"14,532"
2024,2024.6.5,수,LG,키움,잠실,"16,681"
2024,2024.6.6,목,KT,한화,수원,"18,700"
2024,2024.6.6,목,KIA,롯데,광주,"20,500"
2024,2024.6.6,목,NC,두산,창원,"14,517"
2024,2024.6.6,목,SSG,삼성,문학,"23,000"
2024,2024.6.6,목,LG,키움,잠실,"23,750"
2024,2024.6.7,금,두산,KIA,잠실,"23,750"
2024,2024.6.7,금,KT,LG,수원,"13,154"
2024,2024.6.7,금,한화,NC,대전,"12,000"
2024,2024.6.7,금,롯데,SSG,사직,"20,678"
2024,2024.6.7,금,키움,삼성,고척,"12,636"
2024,2024.6.8,토,두산,KIA,잠실,"23,750"
2024,2024.6.8,토,KT,LG,수원,"18,700"
2024,2024.6.8,토,한화,NC,대전,"12,000"
2024,2024.6.8,토,키움,삼성,고척,"16,000"
2024,2024.6.9,일,두산,KIA,잠실,"23,750"
2024,2024.6.9,일,KT,LG,수원,"13,642"
2024,2024.6.9,일,한화,NC,대전,"12,000"
2024,2024.6.9,일,롯데,SSG,사직,"13,700"
2024,2024.6.9,일,롯데,SSG,사직,"22,758"
2024,2024.6.9,일,키움,삼성,고척,"13,509"
2024,2024.6.11,화,두산,한화,잠실,"18,475"
2024,2024.6.11,화,SSG,KIA,문학,"16,007"
2024,2024.6.11,화,NC,KT,창원,"4,279"
2024,2024.6.11,화,삼성,LG,대구,"12,436"
2024,2024.6.11,화,롯데,키움,사직,"9,948"
2024,2024.6.12,수,두산,한화,잠실,"21,630"
2024,2024.6.12,수,SSG,KIA,문학,"16,483"
2024,2024.6.12,수,NC,KT,창원,"4,123"
2024,2024.6.12,수,삼성,LG,대구,"13,511"
2024,2024.6.12,수,롯데,키움,사직,"11,390"
2024,2024.6.13,목,두산,한화,잠실,"20,253"
2024,2024.6.13,목,SSG,KIA,문학,"18,290"
2024,2024.6.13,목,NC,KT,창원,"3,764"
2024,2024.6.13,목,삼성,LG,대구,"14,485"
2024,2024.6.13,목,롯데,키움,사직,"11,941"
2024,2024.6.14,금,KT,KIA,수원,"18,420"
2024,2024.6.14,금,LG,롯데,잠실,"23,750"
2024,2024.6.14,금,키움,두산,고척,"8,680"
2024,2024.6.14,금,한화,SSG,대전,"12,000"
2024,2024.6.14,금,NC,삼성,창원,"12,394"
2024,2024.6.15,토,KT,KIA,수원,"18,700"
2024,2024.6.15,토,LG,롯데,잠실,"23,750"
2024,2024.6.15,토,키움,두산,고척,"13,954"
2024,2024.6.15,토,한화,SSG,대전,"12,000"
2024,2024.6.15,토,NC,삼성,창원,"17,891"
2024,2024.6.16,일,KT,KIA,수원,"18,700"
2024,2024.6.16,일,LG,롯데,잠실,"23,750"
2024,2024.6.16,일,키움,두산,고척,"13,184"
2024,2024.6.16,일,한화,SSG,대전,"12,000"
2024,2024.6.16,일,NC,삼성,창원,"12,860"
2024,2024.6.18,화,KIA,LG,광주,"18,131"
2024,2024.6.18,화,KT,롯데,수원,"8,491"
2024,2024.6.18,화,두산,NC,잠실,"9,026"
2024,2024.6.18,화,삼성,SSG,대구,"10,426"
2024,2024.6.18,화,한화,키움,청주,"9,000"
2024,2024.6.19,수,KIA,LG,광주,"15,056"
2024,2024.6.19,수,KT,롯데,수원,"9,106"
2024,2024.6.19,수,두산,NC,잠실,"11,984"
2024,2024.6.19,수,삼성,SSG,대구,"11,488"
2024,2024.6.19,수,한화,키움,청주,"9,000"
2024,2024.6.20,목,KIA,LG,광주,"14,009"
2024,2024.6.20,목,KT,롯데,수원,"10,496"
2024,2024.6.20,목,두산,NC,잠실,"10,909"
2024,2024.6.20,목,삼성,SSG,대구,"13,024"
2024,2024.6.20,목,한화,키움,청주,"9,000"
2024,2024.6.21,금,KIA,한화,광주,"20,500"
2024,2024.6.21,금,LG,KT,잠실,"15,537"
2024,2024.6.21,금,키움,롯데,고척,"11,974"
2024,2024.6.21,금,SSG,NC,문학,"13,560"
2024,2024.6.21,금,삼성,두산,대구,"24,000"
2024,2024.6.22,토,키움,롯데,고척,"16,000"
2024,2024.6.22,토,SSG,NC,문학,"19,789"
2024,2024.6.23,일,KIA,한화,광주,"19,085"
2024,2024.6.23,일,KIA,한화,광주,"18,860"
2024,2024.6.23,일,LG,KT,잠실,"11,417"
2024,2024.6.23,일,LG,KT,잠실,"15,418"
2024,2024.6.23,일,키움,롯데,고척,"16,000"
2024,2024.6.23,일,SSG,NC,문학,"17,200"
2024,2024.6.23,일,삼성,두산,대구,"20,680"
2024,2024.6.23,일,삼성,두산,대구,"24,000"
2024,2024.6.25,화,롯데,KIA,사직,"19,110"
2024,2024.6.25,화,SSG,KT,문학,"9,629"
2024,2024.6.25,화,키움,NC,고척,"5,159"
2024,2024.6.25,화,한화,두산,대전,"11,556"
2024,2024.6.25,화,LG,삼성,잠실,"21,989"
2024,2024.6.26,수,롯데,KIA,사직,"19,755"
2024,2024.6.26,수,SSG,KT,문학,"10,229"
2024,2024.6.26,수,키움,NC,고척,"4,698"
2024,2024.6.26,수,한화,두산,대전,"11,564"
2024,2024.6.26,수,LG,삼성,잠실,"23,281"
2024,2024.6.27,목,롯데,KIA,사직,"12,867"
2024,2024.6.27,목,SSG,KT,문학,"10,684"
2024,2024.6.27,목,키움,NC,고척,"4,726"
2024,2024.6.27,목,한화,두산,대전,"11,128"
2024,2024.6.27,목,LG,삼성,잠실,"22,114"
2024,2024.6.28,금,롯데,한화,사직,"22,758"
2024,2024.6.28,금,NC,LG,창원,"13,506"
2024,2024.6.28,금,두산,SSG,잠실,"17,367"
2024,2024.6.28,금,KT,삼성,수원,"14,678"
2024,2024.6.28,금,KIA,키움,광주,"18,601"
2024,2024.6.29,토,두산,SSG,잠실,"20,020"
2024,2024.6.30,일,NC,LG,창원,"6,991"
2024,2024.6.30,일,두산,SSG,잠실,"13,985"
2024,2024.6.30,일,KT,삼성,수원,"8,357"
2024,2024.6.30,일,KT,삼성,수원,"12,253"
2024,2024.7.2,화,삼성,KIA,대구,"13,230"
2024,2024.7.2,화,한화,KT,대전,"6,794"
2024,2024.7.2,화,키움,LG,고척,"10,185"
2024,2024.7.3,수,삼성,KIA,대구,"17,472"
2024,2024.7.3,수,한화,KT,대전,"9,009"
2024,2024.7.3,수,키움,LG,고척,"11,135"
2024,2024.7.3,수,두산,롯데,잠실,"19,727"
2024,2024.7.3,수,NC,SSG,창원,"6,384"
2024,2024.7.4,목,삼성,KIA,대구,"17,093"
2024,2024.7.4,목,한화,KT,대전,"8,330"
2024,2024.7.4,목,키움,LG,고척,"12,819"
2024,2024.7.4,목,두산,롯데,잠실,"19,372"
2024,2024.7.4,목,NC,SSG,창원,"6,587"
2024,2024.7.9,화,키움,한화,고척,"14,981"
2024,2024.7.9,화,LG,KIA,잠실,"22,038"
2024,2024.7.9,화,SSG,롯데,문학,"10,051"
2024,2024.7.10,수,키움,한화,고척,"15,096"
2024,2024.7.10,수,LG,KIA,잠실,"23,750"
2024,2024.7.10,수,SSG,롯데,문학,"14,381"
2024,2024.7.10,수,삼성,NC,대구,"12,507"
2024,2024.7.10,수,KT,두산,수원,"8,079"
2024,2024.7.11,목,키움,한화,고척,"15,205"
2024,2024.7.11,목,LG,KIA,잠실,"23,750"
2024,2024.7.11,목,SSG,롯데,문학,"15,842"
2024,2024.7.11,목,삼성,NC,대구,"15,075"
2024,2024.7.11,목,KT,두산,수원,"10,182"
2024,2024.7.12,금,롯데,KT,사직,"21,545"
2024,2024.7.12,금,한화,LG,대전,"12,000"
2024,2024.7.12,금,KIA,SSG,광주,"17,755"
2024,2024.7.12,금,두산,삼성,잠실,"22,279"
2024,2024.7.12,금,NC,키움,창원,"8,579"
2024,2024.7.13,토,롯데,KT,사직,"22,758"
2024,2024.7.13,토,한화,LG,대전,"12,000"
2024,2024.7.13,토,KIA,SSG,광주,"20,500"
2024,2024.7.13,토,두산,삼성,잠실,"23,750"
2024,2024.7.13,토,NC,키움,창원,"11,282"
2024,2024.7.14,일,한화,LG,대전,"12,000"
2024,2024.7.14,일,KIA,SSG,광주,"15,444"
2024,2024.7.14,일,두산,삼성,잠실,"23,750"
2024,2024.7.16,화,키움,KT,고척,"5,851"
2024,2024.7.16,화,롯데,두산,울산,"7,833"
2024,2024.7.17,수,NC,한화,창원,"6,870"
2024,2024.7.17,수,키움,KT,고척,"5,085"
2024,2024.7.17,수,롯데,두산,울산,"9,354"
2024,2024.7.17,수,LG,SSG,잠실,"11,773"
2024,2024.7.17,수,KIA,삼성,광주,"13,904"
2024,2024.7.18,목,NC,한화,창원,"7,550"
2024,2024.7.18,목,키움,KT,고척,"5,040"
2024,2024.7.18,목,롯데,두산,울산,"9,102"
2024,2024.7.18,목,KIA,삼성,광주,"11,429"
2024,2024.7.19,금,한화,KIA,대전,"12,000"
2024,2024.7.19,금,삼성,롯데,대구,"24,000"
2024,2024.7.19,금,KT,NC,수원,"7,650"
2024,2024.7.19,금,LG,두산,잠실,"23,750"
2024,2024.7.19,금,SSG,키움,문학,"12,715"
2024,2024.7.20,토,한화,KIA,대전,"12,000"
2024,2024.7.20,토,삼성,롯데,대구,"24,000"
2024,2024.7.21,일,한화,KIA,대전,"12,000"
2024,2024.7.21,일,삼성,롯데,대구,"24,000"
2024,2024.7.21,일,KT,NC,수원,"9,188"
2024,2024.7.21,일,LG,두산,잠실,"23,211"
2024,2024.7.21,일,SSG,키움,문학,"15,369"
2024,2024.7.23,화,롯데,LG,사직,"18,416"
2024,2024.7.23,화,KIA,NC,광주,"13,756"
2024,2024.7.23,화,한화,삼성,대전,"11,501"
2024,2024.7.23,화,두산,키움,잠실,"7,292"
2024,2024.7.24,수,KIA,NC,광주,"13,308"
2024,2024.7.24,수,KT,SSG,수원,"6,449"
2024,2024.7.24,수,한화,삼성,대전,"11,882"
2024,2024.7.24,수,두산,키움,잠실,"8,887"
2024,2024.7.25,목,롯데,LG,사직,"20,322"
2024,2024.7.25,목,KIA,NC,광주,"14,130"
2024,2024.7.25,목,KT,SSG,수원,"7,067"
2024,2024.7.25,목,두산,키움,잠실,"19,145"
2024,2024.7.26,금,키움,KIA,고척,"16,000"
2024,2024.7.26,금,삼성,KT,대구,"21,891"
2024,2024.7.26,금,NC,롯데,창원,"17,891"
2024,2024.7.26,금,SSG,두산,문학,"15,006"
2024,2024.7.27,토,키움,KIA,고척,"16,000"
2024,2024.7.27,토,삼성,KT,대구,"24,000"
2024,2024.7.27,토,NC,롯데,창원,"17,891"
2024,2024.7.27,토,SSG,두산,문학,"19,448"
2024,2024.7.28,일,LG,한화,잠실,"23,750"
2024,2024.7.28,일,키움,KIA,고척,"16,000"
2024,2024.7.28,일,삼성,KT,대구,"23,104"
2024,2024.7.28,일,NC,롯데,창원,"17,891"
2024,2024.7.28,일,SSG,두산,문학,"17,619"
2024,2024.7.30,화,KT,한화,수원,"14,210"
2024,2024.7.30,화,SSG,롯데,문학,"17,550"
2024,2024.7.30,화,키움,NC,고척,"6,925"
2024,2024.7.30,화,KIA,두산,광주,"20,500"
2024,2024.7.30,화,LG,삼성,잠실,"22,946"
2024,2024.7.31,수,KT,한화,수원,"14,988"
2024,2024.7.31,수,SSG,롯데,문학,"17,563"
2024,2024.7.31,수,키움,NC,고척,"6,918"
2024,2024.7.31,수,KIA,두산,광주,"18,693"
2024,2024.7.31,수,LG,삼성,잠실,"23,409"
2024,2024.8.1,목,KT,한화,수원,"15,197"
2024,2024.8.1,목,SSG,롯데,문학,"18,828"
2024,2024.8.1,목,키움,NC,고척,"7,306"
2024,2024.8.1,목,KIA,두산,광주,"20,500"
2024,2024.8.1,목,LG,삼성,잠실,"23,315"
2024,2024.8.2,금,한화,KIA,대전,"12,000"
2024,2024.8.2,금,NC,KT,창원,"9,845"
2024,2024.8.2,금,삼성,SSG,대구,"22,336"
2024,2024.8.2,금,두산,키움,잠실,"13,209"
2024,2024.8.3,토,한화,KIA,대전,"12,000"
2024,2024.8.3,토,롯데,LG,울산,"9,914"
2024,2024.8.3,토,삼성,SSG,대구,"24,000"
2024,2024.8.3,토,두산,키움,잠실,"15,527"
2024,2024.8.4,일,NC,KT,창원,"9,568"
2024,2024.8.4,일,삼성,SSG,대구,"20,416"
2024,2024.8.6,화,삼성,한화,대구,"16,288"
2024,2024.8.6,화,KIA,KT,광주,"14,457"
2024,2024.8.6,화,두산,LG,잠실,"17,065"
2024,2024.8.6,화,롯데,NC,사직,"17,068"
2024,2024.8.6,화,키움,SSG,고척,"8,356"
2024,2024.8.7,수,삼성,한화,대구,"17,114"
2024,2024.8.7,수,KIA,KT,광주,"11,625"
2024,2024.8.7,수,두산,LG,잠실,"15,883"
2024,2024.8.7,수,롯데,NC,사직,"18,425"
2024,2024.8.7,수,키움,SSG,고척,"7,792"
2024,2024.8.8,목,삼성,한화,대구,"18,367"
2024,2024.8.8,목,KIA,KT,광주,"11,011"
2024,2024.8.8,목,두산,LG,잠실,"16,321"
2024,2024.8.8,목,키움,SSG,고척,"8,000"
2024,2024.8.9,금,KT,롯데,수원,"11,534"
2024,2024.8.9,금,LG,NC,잠실,"14,131"
2024,2024.8.9,금,SSG,두산,문학,"12,451"
2024,2024.8.9,금,KIA,삼성,광주,"18,448"
2024,2024.8.9,금,한화,키움,대전,"11,302"
2024,2024.8.10,토,KT,롯데,수원,"18,700"
2024,2024.8.10,토,LG,NC,잠실,"19,151"
2024,2024.8.10,토,SSG,두산,문학,"19,796"
2024,2024.8.10,토,한화,키움,대전,"12,000"
2024,2024.8.11,일,KT,롯데,수원,"13,805"
2024,2024.8.11,일,LG,NC,잠실,"18,902"
2024,2024.8.11,일,SSG,두산,문학,"16,151"
2024,2024.8.11,일,KIA,삼성,광주,"20,500"
2024,2024.8.11,일,한화,키움,대전,"12,000"
2024,2024.8.13,화,키움,KIA,고척,"16,000"
2024,2024.8.13,화,삼성,KT,대구,"15,109"
2024,2024.8.13,화,한화,LG,대전,"11,748"
2024,2024.8.13,화,NC,SSG,창원,"5,121"
2024,2024.8.14,수,키움,KIA,고척,"16,000"
2024,2024.8.14,수,삼성,KT,대구,"20,435"
2024,2024.8.14,수,한화,LG,대전,"11,884"
2024,2024.8.14,수,두산,롯데,잠실,"21,337"
2024,2024.8.15,목,키움,KIA,고척,"16,000"
2024,2024.8.15,목,삼성,KT,대구,"24,000"
2024,2024.8.15,목,한화,LG,대전,"12,000"
2024,2024.8.15,목,두산,롯데,잠실,"23,750"
2024,2024.8.15,목,NC,SSG,창원,"10,389"
2024,2024.8.16,금,SSG,한화,문학,"21,057"
2024,2024.8.16,금,LG,KIA,잠실,"23,750"
2024,2024.8.16,금,KT,두산,수원,"11,443"
2024,2024.8.16,금,NC,삼성,창원,"10,580"
2024,2024.8.16,금,롯데,키움,사직,"21,181"
2024,2024.8.17,토,SSG,한화,문학,"23,000"
2024,2024.8.17,토,LG,KIA,잠실,"23,750"
2024,2024.8.17,토,KT,두산,수원,"16,427"
2024,2024.8.17,토,NC,삼성,창원,"17,891"
2024,2024.8.17,토,롯데,키움,사직,"22,758"
2024,2024.8.18,일,SSG,한화,문학,"22,545"
2024,2024.8.18,일,LG,KIA,잠실,"23,750"
2024,2024.8.18,일,KT,두산,수원,"12,164"
2024,2024.8.18,일,NC,삼성,창원,"12,328"
2024,2024.8.18,일,롯데,키움,사직,"20,740"
2024,2024.8.20,화,한화,NC,청주,"8,429"
2024,2024.8.20,화,삼성,두산,포항,"10,064"
2024,2024.8.20,화,LG,SSG,잠실,"12,736"
2024,2024.8.20,화,KT,키움,수원,"5,858"
2024,2024.8.21,수,KIA,롯데,광주,"12,625"
2024,2024.8.21,수,한화,NC,청주,"8,102"
2024,2024.8.21,수,삼성,두산,포항,"10,268"
2024,2024.8.21,수,LG,SSG,잠실,"12,008"
2024,2024.8.21,수,KT,키움,수원,"6,288"
2024,2024.8.22,목,KIA,롯데,광주,"12,693"
2024,2024.8.22,목,LG,SSG,잠실,"11,917"
2024,2024.8.22,목,KT,키움,수원,"6,181"
2024,2024.8.23,금,두산,한화,잠실,"23,750"
2024,2024.8.23,금,NC,KIA,창원,"13,524"
2024,2024.8.23,금,SSG,KT,문학,"10,972"
2024,2024.8.23,금,키움,LG,고척,"13,852"
2024,2024.8.23,금,삼성,롯데,대구,"24,000"
2024,2024.8.24,토,두산,한화,잠실,"23,750"
2024,2024.8.24,토,NC,KIA,창원,"16,489"
2024,2024.8.24,토,SSG,KT,문학,"17,053"
2024,2024.8.24,토,키움,LG,고척,"16,000"
2024,2024.8.24,토,삼성,롯데,대구,"24,000"
2024,2024.8.25,일,두산,한화,잠실,"23,750"
2024,2024.8.25,일,NC,KIA,창원,"11,712"
2024,2024.8.25,일,SSG,KT,문학,"16,595"
2024,2024.8.25,일,키움,LG,고척,"16,000"
2024,2024.8.25,일,삼성,롯데,대구,"24,000"
2024,2024.8.27,화,롯데,한화,사직,"18,113"
2024,2024.8.27,화,LG,KT,잠실,"12,678"
2024,2024.8.27,화,NC,두산,창원,"4,814"
2024,2024.8.27,화,KIA,SSG,광주,"13,038"
2024,2024.8.27,화,키움,삼성,고척,"14,421"
2024,2024.8.28,수,롯데,한화,사직,"22,758"
2024,2024.8.28,수,LG,KT,잠실,"13,848"
2024,2024.8.28,수,NC,두산,창원,"5,869"
2024,2024.8.28,수,KIA,SSG,광주,"13,155"
2024,2024.8.28,수,키움,삼성,고척,"13,929"
2024,2024.8.29,목,롯데,한화,사직,"19,434"
2024,2024.8.29,목,LG,KT,잠실,"13,832"
2024,2024.8.29,목,NC,두산,창원,"5,985"
2024,2024.8.29,목,KIA,SSG,광주,"12,931"
2024,2024.8.29,목,키움,삼성,고척,"14,903"
2024,2024.8.30,금,KT,LG,수원,"12,128"
2024,2024.8.30,금,키움,롯데,고척,"15,073"
2024,2024.8.31,토,삼성,KIA,대구,"24,000"
2024,2024.8.31,토,한화,KT,대전,"12,000"
2024,2024.8.31,토,두산,롯데,잠실,"23,750"
2024,2024.8.31,토,SSG,NC,문학,"17,039"
2024,2024.9.1,일,삼성,KIA,대구,"24,000"
2024,2024.9.1,일,두산,롯데,잠실,"23,750"
2024,2024.9.1,일,SSG,NC,문학,"13,039"
2024,2024.9.3,화,KIA,LG,광주,"13,089"
2024,2024.9.3,화,삼성,롯데,대구,"24,000"
2024,2024.9.3,화,한화,두산,대전,"12,000"
2024,2024.9.3,화,NC,키움,창원,"3,394"
2024,2024.9.4,수,KIA,한화,광주,"15,328"
2024,2024.9.4,수,롯데,KT,사직,"14,041"
2024,2024.9.4,수,삼성,두산,대구,"24,000"
2024,2024.9.4,수,LG,SSG,잠실,"13,229"
2024,2024.9.4,수,NC,키움,창원,"4,956"
2024,2024.9.5,목,KIA,한화,광주,"16,083"
2024,2024.9.5,목,롯데,KT,사직,"15,864"
2024,2024.9.5,목,LG,SSG,잠실,"12,115"
2024,2024.9.5,목,NC,키움,창원,"5,214"
2024,2024.9.6,금,LG,한화,잠실,"23,750"
2024,2024.9.6,금,NC,KT,창원,"5,868"
2024,2024.9.6,금,롯데,삼성,사직,"22,464"
2024,2024.9.6,금,KIA,키움,광주,"17,103"
2024,2024.9.7,토,LG,한화,잠실,"23,750"
2024,2024.9.7,토,삼성,NC,대구,"24,000"
2024,2024.9.7,토,KT,두산,수원,"18,700"
2024,2024.9.7,토,롯데,SSG,사직,"22,758"
2024,2024.9.7,토,KIA,키움,광주,"20,500"
2024,2024.9.8,일,LG,한화,잠실,"23,750"
2024,2024.9.8,일,삼성,NC,대구,"24,000"
2024,2024.9.8,일,롯데,SSG,사직,"18,116"
2024,2024.9.8,일,KIA,키움,광주,"20,500"
2024,2024.9.10,화,SSG,한화,문학,"19,109"
2024,2024.9.10,화,LG,롯데,잠실,"23,750"
2024,2024.9.10,화,KT,NC,수원,"6,721"
2024,2024.9.10,화,키움,두산,고척,"13,822"
2024,2024.9.11,수,SSG,롯데,문학,"16,051"
2024,2024.9.11,수,KT,NC,수원,"5,815"
2024,2024.9.11,수,한화,삼성,대전,"11,670"
2024,2024.9.11,수,LG,키움,잠실,"13,393"
2024,2024.9.12,목,KIA,롯데,광주,"20,500"
2024,2024.9.12,목,KT,NC,수원,"5,962"
2024,2024.9.12,목,한화,삼성,대전,"11,719"
2024,2024.9.13,금,롯데,한화,사직,"19,675"
2024,2024.9.14,토,롯데,한화,사직,"21,514"
2024,2024.9.14,토,두산,KT,잠실,"23,750"
2024,2024.9.14,토,NC,LG,창원,"15,383"
2024,2024.9.14,토,SSG,삼성,문학,"23,000"
2024,2024.9.14,토,KIA,키움,광주,"20,500"
2024,2024.9.15,일,롯데,한화,사직,"22,758"
2024,2024.9.15,일,NC,LG,창원,"10,826"
2024,2024.9.15,일,SSG,삼성,문학,"23,000"
2024,2024.9.15,일,KIA,키움,광주,"20,500"
2024,2024.9.16,월,KT,KIA,수원,"18,700"
2024,2024.9.16,월,두산,키움,잠실,"18,894"
2024,2024.9.17,화,NC,한화,창원,"9,403"
2024,2024.9.17,화,SSG,KIA,문학,"23,000"
2024,2024.9.17,화,키움,KT,고척,"11,032"
2024,2024.9.17,화,롯데,LG,사직,"18,742"
2024,2024.9.17,화,두산,삼성,잠실,"23,750"
2024,2024.9.18,수,NC,한화,창원,"9,268"
2024,2024.9.18,수,롯데,LG,사직,"21,147"
2024,2024.9.18,수,KT,삼성,수원,"18,700"
2024,2024.9.19,목,NC,한화,창원,"6,010"
2024,2024.9.19,목,두산,KIA,잠실,"23,750"
2024,2024.9.19,목,롯데,LG,사직,"16,895"
2024,2024.9.19,목,KT,삼성,수원,"12,617"
2024,2024.9.19,목,SSG,키움,문학,"14,848"
2024,2024.9.21,토,LG,두산,잠실,"23,236"
2024,2024.9.21,토,LG,두산,잠실,"23,750"
2024,2024.9.21,토,KT,SSG,수원,"15,805"
2024,2024.9.22,일,한화,롯데,대전,"12,000"
2024,2024.9.22,일,LG,두산,잠실,"23,750"
2024,2024.9.22,일,KT,SSG,수원,"15,049"
2024,2024.9.22,일,삼성,키움,대구,"24,000"
2024,2024.9.23,월,한화,롯데,대전,"10,407"
2024,2024.9.23,월,두산,SSG,잠실,"22,489"
2024,2024.9.23,월,KIA,삼성,광주,"20,500"
2024,2024.9.24,화,키움,한화,고척,"16,000"
2024,2024.9.24,화,SSG,LG,문학,"19,911"
2024,2024.9.24,화,KT,롯데,수원,"13,304"
2024,2024.9.24,화,두산,NC,잠실,"22,064"
2024,2024.9.24,화,KIA,삼성,광주,"20,500"
2024,2024.9.25,수,LG,한화,잠실,"23,750"
2024,2024.9.25,수,KIA,롯데,광주,"20,500"
2024,2024.9.25,수,NC,SSG,창원,"6,157"
2024,2024.9.25,수,삼성,키움,대구,"24,000"
2024,2024.9.26,목,롯데,두산,사직,"18,727"
2024,2024.9.26,목,NC,SSG,창원,"6,377"
2024,2024.9.26,목,LG,키움,잠실,"21,593"
2024,2024.9.27,금,한화,KIA,대전,"12,000"
2024,2024.9.27,금,롯데,NC,사직,"22,758"
2024,2024.9.27,금,KT,키움,수원,"12,824"
2024,2024.9.28,토,롯데,KIA,사직,"22,758"
2024,2024.9.28,토,삼성,LG,대구,"24,000"
2024,2024.9.28,토,NC,두산,창원,"17,891"
2024,2024.9.28,토,한화,SSG,대전,"12,000"
2024,2024.9.28,토,KT,키움,수원,"18,700"
2024,2024.9.29,일,한화,NC,대전,"12,000"
2024,2024.9.30,월,KIA,NC,광주,"20,500"
2024,2024.9.30,월,SSG,키움,문학,"23,000"
2024,2024.10.1,화,NC,롯데,창원,"17,891"