시즌,대회,대회명,경기번호,일자,홈팀,상대,경기결과,경기장,관중수,원정팀,비고
2023,K리그1,하나원큐 K리그1 2023,1,2023.2.25,울산,전북,2:01,울산 문수,"28,039","2,037",주말
2023,K리그1,하나원큐 K리그1 2023,2,2023.2.25,서울,인천,2:01,서울 월드컵,"22,204","3,216",주말
2023,K리그1,하나원큐 K리그1 2023,3,2023.2.25,수원,광주,0:01,수원 월드컵,"10,348",409,주말
2023,K리그1,하나원큐 K리그1 2023,4,2023.2.26,포항,대구,3:02,포항 스틸야드,"14,089","1,152",주말
2023,K리그1,하나원큐 K리그1 2023,5,2023.2.26,제주,수원FC,0:00,제주 월드컵,"8,362",181,주말
2023,K리그1,하나원큐 K리그1 2023,6,2023.2.26,대전,강원,2:00,대전 월드컵,"18,590",975,주말
2023,K리그1,하나원큐 K리그1 2023,7,2023.3.4,인천,대전,3:03,인천 전용,"10,011",640,주말
2023,K리그1,하나원큐 K리그1 2023,8,2023.3.4,수원FC,포항,1:02,수원 종합,"7,155",619,주말
2023,K리그1,하나원큐 K리그1 2023,9,2023.3.4,대구,제주,1:01,대구iM뱅크PARK,"10,851",193,주말
2023,K리그1,하나원큐 K리그1 2023,10,2023.3.5,전북,수원,1:01,전주 월드컵,"19,660","1,663",주말
2023,K리그1,하나원큐 K리그1 2023,11,2023.3.5,강원,울산,0:01,춘천 송암,"6,199",567,주말
2023,K리그1,하나원큐 K리그1 2023,12,2023.3.5,광주,서울,0:02,광주 전용,"7,357",539,주말
2023,K리그1,하나원큐 K리그1 2023,13,2023.3.11,수원FC,수원,2:01,수원 종합,"8,670","1,700",주말
2023,K리그1,하나원큐 K리그1 2023,14,2023.3.11,대전,포항,0:00,대전 월드컵,"8,661",749,주말
2023,K리그1,하나원큐 K리그1 2023,15,2023.3.11,강원,대구,1:01,춘천 송암,"4,058",369,주말
2023,K리그1,하나원큐 K리그1 2023,16,2023.3.12,서울,울산,1:02,서울 월드컵,"20,549","2,000",주말
2023,K리그1,하나원큐 K리그1 2023,17,2023.3.12,전북,광주,2:00,전주 월드컵,"8,051",255,주말
2023,K리그1,하나원큐 K리그1 2023,18,2023.3.12,인천,제주,1:00,인천 전용,"6,007",124,주말
2023,K리그1,하나원큐 K리그1 2023,19,2023.3.18,포항,강원,1:01,포항 스틸야드,"7,514",84,주말
2023,K리그1,하나원큐 K리그1 2023,20,2023.3.18,광주,인천,5:00,광주 전용,"2,812",417,주말
2023,K리그1,하나원큐 K리그1 2023,21,2023.3.18,제주,서울,1:02,제주 월드컵,"7,078",466,주말
2023,K리그1,하나원큐 K리그1 2023,22,2023.3.19,대구,전북,2:00,대구iM뱅크PARK,"12,253",572,주말
2023,K리그1,하나원큐 K리그1 2023,23,2023.3.19,수원,대전,1:03,수원 월드컵,"10,442","1,002",주말
2023,K리그1,하나원큐 K리그1 2023,24,2023.3.19,울산,수원FC,3:00,울산 문수,"15,230",216,주말
2023,K리그1,하나원큐 K리그1 2023,25,2023.4.1,전북,포항,1:02,전주 월드컵,"12,767",489,주말
2023,K리그1,하나원큐 K리그1 2023,26,2023.4.1,인천,대구,0:00,인천 전용,"8,250",638,주말
2023,K리그1,하나원큐 K리그1 2023,27,2023.4.1,광주,수원FC,2:00,광주 전용,"4,535",160,주말
2023,K리그1,하나원큐 K리그1 2023,28,2023.4.1,대전,서울,3:02,대전 월드컵,"15,793","1,712",주말
2023,K리그1,하나원큐 K리그1 2023,29,2023.4.2,제주,울산,1:03,제주 월드컵,"7,140",480,주말
2023,K리그1,하나원큐 K리그1 2023,30,2023.4.2,수원,강원,1:01,수원 월드컵,"7,428",494,주말
2023,K리그1,하나원큐 K리그1 2023,31,2023.4.8,울산,수원,2:01,울산 문수,"15,181",728,주말
2023,K리그1,하나원큐 K리그1 2023,32,2023.4.8,서울,대구,3:00,서울 월드컵,"45,007","1,977",주말
2023,K리그1,하나원큐 K리그1 2023,33,2023.4.8,포항,광주,2:00,포항 스틸야드,"7,062",116,주말
2023,K리그1,하나원큐 K리그1 2023,34,2023.4.9,전북,인천,2:00,전주 월드컵,"8,697",489,주말
2023,K리그1,하나원큐 K리그1 2023,35,2023.4.9,강원,제주,0:01,춘천 송암,"2,581",53,주말
2023,K리그1,하나원큐 K리그1 2023,36,2023.4.9,수원FC,대전,5:03,수원 종합,"4,421",739,주말
2023,K리그1,하나원큐 K리그1 2023,37,2023.4.15,수원,제주,2:03,수원 월드컵,"5,190",185,주말
2023,K리그1,하나원큐 K리그1 2023,38,2023.4.15,포항,서울,1:01,포항 스틸야드,"9,131",484,주말
2023,K리그1,하나원큐 K리그1 2023,39,2023.4.15,수원FC,전북,1:00,수원 종합,"9,221","1,999",주말
2023,K리그1,하나원큐 K리그1 2023,40,2023.4.16,강원,인천,0:02,춘천 송암,"3,162",447,주말
2023,K리그1,하나원큐 K리그1 2023,41,2023.4.16,대전,울산,2:01,대전 월드컵,"16,359","1,794",주말
2023,K리그1,하나원큐 K리그1 2023,42,2023.4.16,대구,광주,3:04,대구iM뱅크PARK,"7,534",95,주말
2023,K리그1,하나원큐 K리그1 2023,43,2023.4.22,서울,수원,3:01,서울 월드컵,"30,186","4,139",주말
2023,K리그1,하나원큐 K리그1 2023,44,2023.4.22,울산,포항,2:02,울산 문수,"16,761","1,820",주말
2023,K리그1,하나원큐 K리그1 2023,45,2023.4.22,대구,대전,1:00,대구iM뱅크PARK,"10,236",572,주말
2023,K리그1,하나원큐 K리그1 2023,46,2023.4.22,인천,수원FC,2:02,인천 전용,"8,215",350,주말
2023,K리그1,하나원큐 K리그1 2023,47,2023.4.23,광주,강원,0:00,광주 전용,"3,562",102,주말
2023,K리그1,하나원큐 K리그1 2023,48,2023.4.23,제주,전북,0:02,제주 월드컵,"10,041",572,주말
2023,K리그1,하나원큐 K리그1 2023,49,2023.4.25,포항,수원,1:00,포항 스틸야드,"3,080",177,
2023,K리그1,하나원큐 K리그1 2023,50,2023.4.25,인천,울산,0:01,인천 전용,"5,326","1,103",
2023,K리그1,하나원큐 K리그1 2023,51,2023.4.26,강원,서울,3:02,춘천 송암,"3,640",410,
2023,K리그1,하나원큐 K리그1 2023,52,2023.4.26,광주,제주,0:01,광주 전용,"2,143",54,
2023,K리그1,하나원큐 K리그1 2023,53,2023.4.26,전북,대전,1:02,전주 월드컵,"5,067",570,
2023,K리그1,하나원큐 K리그1 2023,54,2023.4.26,수원FC,대구,1:01,수원 종합,"1,870",221,
2023,K리그1,하나원큐 K리그1 2023,55,2023.4.29,수원FC,서울,0:03,수원 종합,"5,806",953,주말
2023,K리그1,하나원큐 K리그1 2023,56,2023.4.29,전북,강원,0:01,전주 월드컵,"5,685",223,주말
2023,K리그1,하나원큐 K리그1 2023,57,2023.4.30,대전,제주,0:03,대전 월드컵,"13,777",240,주말
2023,K리그1,하나원큐 K리그1 2023,58,2023.4.30,포항,인천,0:02,포항 스틸야드,"9,173",320,주말
2023,K리그1,하나원큐 K리그1 2023,59,2023.4.30,수원,대구,0:01,수원 월드컵,"8,883",845,주말
2023,K리그1,하나원큐 K리그1 2023,60,2023.4.30,울산,광주,2:01,울산 문수,"12,068",126,주말
2023,K리그1,하나원큐 K리그1 2023,61,2023.5.5,대구,울산,0:03,대구iM뱅크PARK,"11,929",572,
2023,K리그1,하나원큐 K리그1 2023,62,2023.5.5,서울,전북,1:01,서울 월드컵,"37,008","4,909",
2023,K리그1,하나원큐 K리그1 2023,63,2023.5.5,인천,수원,0:01,인천 전용,"8,637","1,903",
2023,K리그1,하나원큐 K리그1 2023,64,2023.5.6,제주,포항,2:01,제주 월드컵,"5,261",180,주말
2023,K리그1,하나원큐 K리그1 2023,65,2023.5.6,수원FC,강원,2:00,수원 종합,"2,749",373,주말
2023,K리그1,하나원큐 K리그1 2023,66,2023.5.6,광주,대전,0:00,광주 전용,"3,687",466,주말
2023,K리그1,하나원큐 K리그1 2023,67,2023.5.9,울산,강원,1:00,울산 문수,"5,318",50,
2023,K리그1,하나원큐 K리그1 2023,68,2023.5.9,대구,포항,1:01,대구iM뱅크PARK,"6,943",572,
2023,K리그1,하나원큐 K리그1 2023,69,2023.5.9,서울,광주,3:01,서울 월드컵,"10,236",177,
2023,K리그1,하나원큐 K리그1 2023,70,2023.5.10,제주,인천,2:00,제주 월드컵,"4,124",201,
2023,K리그1,하나원큐 K리그1 2023,71,2023.5.10,수원,전북,0:03,수원 월드컵,"7,860","1,257",
2023,K리그1,하나원큐 K리그1 2023,72,2023.5.10,대전,수원FC,2:01,대전 월드컵,"8,377",120,
2023,K리그1,하나원큐 K리그1 2023,73,2023.5.13,포항,대전,3:02,포항 스틸야드,"7,002",442,주말
2023,K리그1,하나원큐 K리그1 2023,74,2023.5.13,광주,대구,0:02,광주 전용,"3,622",523,주말
2023,K리그1,하나원큐 K리그1 2023,75,2023.5.13,강원,수원,0:02,춘천 송암,"5,519",995,주말
2023,K리그1,하나원큐 K리그1 2023,76,2023.5.14,울산,서울,3:02,울산 문수,"26,004","1,311",주말
2023,K리그1,하나원큐 K리그1 2023,77,2023.5.14,인천,전북,0:00,인천 전용,"15,738","2,420",주말
2023,K리그1,하나원큐 K리그1 2023,78,2023.5.14,수원FC,제주,0:05,수원 종합,"3,213",177,주말
2023,K리그1,하나원큐 K리그1 2023,79,2023.5.20,인천,광주,1:01,인천 전용,"6,663",199,주말
2023,K리그1,하나원큐 K리그1 2023,80,2023.5.20,서울,제주,1:01,서울 월드컵,"20,338",852,주말
2023,K리그1,하나원큐 K리그1 2023,81,2023.5.20,대전,대구,0:01,대전 월드컵,"14,275","1,422",주말
2023,K리그1,하나원큐 K리그1 2023,82,2023.5.21,강원,포항,0:00,춘천 송암,"3,495",312,주말
2023,K리그1,하나원큐 K리그1 2023,83,2023.5.21,수원,울산,2:03,수원 월드컵,"12,639","2,353",주말
2023,K리그1,하나원큐 K리그1 2023,84,2023.5.21,전북,수원FC,3:01,전주 월드컵,"13,634",208,주말
2023,K리그1,하나원큐 K리그1 2023,85,2023.5.27,제주,수원,2:01,제주 월드컵,"6,308",699,주말
2023,K리그1,하나원큐 K리그1 2023,86,2023.5.27,대구,인천,2:02,대구iM뱅크PARK,"11,706",572,주말
2023,K리그1,하나원큐 K리그1 2023,87,2023.5.28,서울,강원,1:00,서울 월드컵,"14,419",547,주말
2023,K리그1,하나원큐 K리그1 2023,88,2023.5.28,수원FC,광주,0:02,수원 종합,"1,605",125,주말
2023,K리그1,하나원큐 K리그1 2023,89,2023.5.28,울산,대전,3:03,울산 문수,"17,251",839,주말
2023,K리그1,하나원큐 K리그1 2023,90,2023.5.29,포항,전북,1:00,포항 스틸야드,"14,377","1,121",
2023,K리그1,하나원큐 K리그1 2023,91,2023.6.3,전북,울산,2:00,전주 월드컵,"27,797","2,979",주말
2023,K리그1,하나원큐 K리그1 2023,92,2023.6.3,수원,수원FC,1:02,수원 월드컵,"13,104","1,326",주말
2023,K리그1,하나원큐 K리그1 2023,93,2023.6.3,제주,강원,2:02,제주 월드컵,"5,616",112,주말
2023,K리그1,하나원큐 K리그1 2023,94,2023.6.3,광주,포항,4:02,광주 전용,"3,512",364,주말
2023,K리그1,하나원큐 K리그1 2023,95,2023.6.4,대전,인천,1:03,대전 월드컵,"13,779","1,078",주말
2023,K리그1,하나원큐 K리그1 2023,96,2023.6.4,대구,서울,1:00,대구iM뱅크PARK,"12,056",572,주말
2023,K리그1,하나원큐 K리그1 2023,97,2023.6.6,수원FC,울산,1:03,수원 종합,"8,733","1,733",
2023,K리그1,하나원큐 K리그1 2023,98,2023.6.6,포항,제주,2:01,포항 스틸야드,"8,376",87,
2023,K리그1,하나원큐 K리그1 2023,99,2023.6.7,전북,대구,1:00,전주 월드컵,"8,197",221,
2023,K리그1,하나원큐 K리그1 2023,100,2023.6.7,광주,수원,2:01,광주 전용,"1,871",307,
2023,K리그1,하나원큐 K리그1 2023,101,2023.6.7,인천,서울,1:01,인천 전용,"7,272","1,318",
2023,K리그1,하나원큐 K리그1 2023,102,2023.6.7,강원,대전,1:02,춘천 송암,"2,840",152,
2023,K리그1,하나원큐 K리그1 2023,103,2023.6.10,대구,수원FC,3:01,대구iM뱅크PARK,"11,457",254,주말
2023,K리그1,하나원큐 K리그1 2023,104,2023.6.10,울산,제주,5:01,울산 문수,"20,190","1,883",주말
2023,K리그1,하나원큐 K리그1 2023,105,2023.6.10,대전,광주,1:01,대전 월드컵,"8,390",317,주말
2023,K리그1,하나원큐 K리그1 2023,106,2023.6.11,강원,전북,1:02,춘천 송암,"6,114",975,주말
2023,K리그1,하나원큐 K리그1 2023,107,2023.6.11,서울,포항,1:01,서울 월드컵,"18,108",992,주말
2023,K리그1,하나원큐 K리그1 2023,108,2023.6.11,수원,인천,0:00,수원 월드컵,"7,066","1,631",주말
2023,K리그1,하나원큐 K리그1 2023,109,2023.6.24,수원,서울,0:01,수원 월드컵,"19,513","3,433",주말
2023,K리그1,하나원큐 K리그1 2023,110,2023.6.24,제주,대전,1:01,제주 월드컵,"5,755",603,주말
2023,K리그1,하나원큐 K리그1 2023,111,2023.6.24,광주,전북,2:00,광주 전용,"5,990","1,224",주말
2023,K리그1,하나원큐 K리그1 2023,112,2023.6.24,울산,대구,3:01,울산 문수,"20,070","1,599",주말
2023,K리그1,하나원큐 K리그1 2023,113,2023.6.25,인천,포항,0:01,인천 전용,"9,367",723,주말
2023,K리그1,하나원큐 K리그1 2023,114,2023.6.25,수원FC,강원,1:01,수원 종합,"3,173",265,주말
2023,K리그1,하나원큐 K리그1 2023,115,2023.7.1,전북,제주,2:00,전주 월드컵,"12,175",157,주말
2023,K리그1,하나원큐 K리그1 2023,116,2023.7.1,대구,수원,1:01,대구iM뱅크PARK,"12,175",622,주말
2023,K리그1,하나원큐 K리그1 2023,117,2023.7.1,서울,대전,0:00,서울 월드컵,"22,637","2,232",주말
2023,K리그1,하나원큐 K리그1 2023,118,2023.7.2,광주,울산,0:01,광주 전용,"5,982","1,224",주말
2023,K리그1,하나원큐 K리그1 2023,119,2023.7.2,포항,수원FC,3:01,포항 스틸야드,"5,441",103,주말
2023,K리그1,하나원큐 K리그1 2023,120,2023.7.2,인천,강원,1:00,인천 전용,"5,076",246,주말
2023,K리그1,하나원큐 K리그1 2023,121,2023.7.7,제주,대구,1:02,제주 월드컵,"4,210",608,
2023,K리그1,하나원큐 K리그1 2023,122,2023.7.7,강원,광주,1:01,강릉 종합,"7,006",49,
2023,K리그1,하나원큐 K리그1 2023,123,2023.7.8,포항,울산,0:01,포항 스틸야드,"14,486","1,152",주말
2023,K리그1,하나원큐 K리그1 2023,124,2023.7.8,수원FC,인천,2:02,수원 종합,"4,782","1,020",주말
2023,K리그1,하나원큐 K리그1 2023,125,2023.7.8,전북,서울,2:01,전주 월드컵,"21,139","1,245",주말
2023,K리그1,하나원큐 K리그1 2023,126,2023.7.9,대전,수원,2:02,대전 월드컵,"13,685","1,860",주말
2023,K리그1,하나원큐 K리그1 2023,127,2023.7.11,대구,강원,0:00,대구iM뱅크PARK,"7,929",56,
2023,K리그1,하나원큐 K리그1 2023,128,2023.7.11,제주,광주,0:00,제주 월드컵,"3,280",108,
2023,K리그1,하나원큐 K리그1 2023,129,2023.7.12,울산,인천,1:02,울산 문수,"8,353",175,
2023,K리그1,하나원큐 K리그1 2023,130,2023.7.12,수원,포항,1:01,수원 월드컵,"4,727",401,
2023,K리그1,하나원큐 K리그1 2023,131,2023.7.12,대전,전북,2:02,대전 월드컵,"20,592","2,511",
2023,K리그1,하나원큐 K리그1 2023,132,2023.7.12,서울,수원FC,7:02,서울 월드컵,"10,407",257,
2023,K리그1,하나원큐 K리그1 2023,133,2023.7.15,수원,울산,3:01,수원 월드컵,"9,946","1,744",주말
2023,K리그1,하나원큐 K리그1 2023,134,2023.7.15,강원,서울,1:01,강릉 종합,"7,203",679,주말
2023,K리그1,하나원큐 K리그1 2023,135,2023.7.15,광주,대구,1:01,광주 전용,"2,851",710,주말
2023,K리그1,하나원큐 K리그1 2023,136,2023.7.16,전북,수원FC,1:00,전주 월드컵,"10,905",145,주말
2023,K리그1,하나원큐 K리그1 2023,137,2023.7.16,포항,제주,4:02,포항 스틸야드,"4,422",51,주말
2023,K리그1,하나원큐 K리그1 2023,138,2023.7.16,인천,대전,2:00,인천 전용,"8,925",614,주말
2023,K리그1,하나원큐 K리그1 2023,139,2023.7.21,울산,제주,2:01,울산 문수,"13,073",117,
2023,K리그1,하나원큐 K리그1 2023,140,2023.7.21,포항,전북,2:01,포항 스틸야드,"9,055",846,
2023,K리그1,하나원큐 K리그1 2023,141,2023.7.22,수원FC,광주,0:01,수원 종합,"2,083",209,주말
2023,K리그1,하나원큐 K리그1 2023,142,2023.7.22,강원,수원,1:02,강릉 종합,"11,084","1,632",주말
2023,K리그1,하나원큐 K리그1 2023,143,2023.7.22,서울,인천,0:01,서울 월드컵,"18,150","2,385",주말
2023,K리그1,하나원큐 K리그1 2023,144,2023.7.22,대전,대구,1:00,대전 월드컵,"10,473","1,799",주말
2023,K리그1,하나원큐 K리그1 2023,145,2023.8.4,서울,포항,2:02,서울 월드컵,"15,016","1,229",
2023,K리그1,하나원큐 K리그1 2023,146,2023.8.4,광주,대전,3:00,광주 전용,"3,752",831,
2023,K리그1,하나원큐 K리그1 2023,147,2023.8.5,수원,수원FC,0:02,수원 월드컵,"17,481","1,729",주말
2023,K리그1,하나원큐 K리그1 2023,148,2023.8.5,대구,울산,0:00,대구iM뱅크PARK,"11,928",622,주말
2023,K리그1,하나원큐 K리그1 2023,149,2023.8.6,전북,인천,2:00,전주 월드컵,"10,327",638,주말
2023,K리그1,하나원큐 K리그1 2023,150,2023.8.6,제주,강원,1:01,제주 월드컵,"4,331",133,주말
2023,K리그1,하나원큐 K리그1 2023,151,2023.8.12,전북,수원,1:01,전주 월드컵,"14,216","2,035",주말
2023,K리그1,하나원큐 K리그1 2023,152,2023.8.12,강원,울산,2:00,강릉 종합,"8,369",793,주말
2023,K리그1,하나원큐 K리그1 2023,153,2023.8.12,제주,수원FC,3:00,제주 월드컵,"5,443",200,주말
2023,K리그1,하나원큐 K리그1 2023,154,2023.8.13,대전,서울,4:03,대전 월드컵,"13,290","1,725",주말
2023,K리그1,하나원큐 K리그1 2023,155,2023.8.13,인천,대구,3:01,인천 전용,"9,349",761,주말
2023,K리그1,하나원큐 K리그1 2023,156,2023.8.13,포항,광주,1:01,포항 스틸야드,"7,206",238,주말
2023,K리그1,하나원큐 K리그1 2023,157,2023.8.18,수원,제주,1:00,수원 월드컵,"7,258",238,
2023,K리그1,하나원큐 K리그1 2023,158,2023.8.18,인천,광주,2:02,인천 전용,"5,870",195,
2023,K리그1,하나원큐 K리그1 2023,159,2023.8.19,울산,전북,1:00,울산 문수,"30,756","2,564",주말
2023,K리그1,하나원큐 K리그1 2023,160,2023.8.19,강원,수원FC,1:02,강릉 종합,"10,503",286,주말
2023,K리그1,하나원큐 K리그1 2023,161,2023.8.19,서울,대구,2:02,서울 월드컵,"17,800","1,308",주말
2023,K리그1,하나원큐 K리그1 2023,162,2023.8.20,포항,대전,4:03,포항 스틸야드,"7,287",537,주말
2023,K리그1,하나원큐 K리그1 2023,163,2023.8.25,수원FC,인천,1:02,수원 종합,"3,236",695,
2023,K리그1,하나원큐 K리그1 2023,164,2023.8.25,전북,대전,1:01,전주 월드컵,"11,224","1,411",
2023,K리그1,하나원큐 K리그1 2023,165,2023.8.26,대구,제주,1:00,대구iM뱅크PARK,"12,136",615,주말
2023,K리그1,하나원큐 K리그1 2023,166,2023.8.26,강원,포항,1:01,강릉 종합,"9,063",480,주말
2023,K리그1,하나원큐 K리그1 2023,167,2023.8.27,서울,울산,2:02,서울 월드컵,"27,051","5,000",주말
2023,K리그1,하나원큐 K리그1 2023,168,2023.8.27,광주,수원,4:00,광주 전용,"5,014",967,주말
2023,K리그1,하나원큐 K리그1 2023,169,2023.9.1,대전,수원FC,0:01,대전 월드컵,"9,955",200,
2023,K리그1,하나원큐 K리그1 2023,170,2023.9.1,대구,강원,1:00,대구iM뱅크PARK,"9,806",199,
2023,K리그1,하나원큐 K리그1 2023,171,2023.9.2,수원,서울,0:01,수원 월드컵,"22,882","3,491",주말
2023,K리그1,하나원큐 K리그1 2023,172,2023.9.2,인천,포항,0:02,인천 전용,"12,134",962,주말
2023,K리그1,하나원큐 K리그1 2023,173,2023.9.3,울산,광주,0:02,울산 문수,"18,358",380,주말
2023,K리그1,하나원큐 K리그1 2023,174,2023.9.3,제주,전북,0:00,제주 월드컵,"8,104",729,주말
2023,K리그1,하나원큐 K리그1 2023,175,2023.9.16,전북,강원,1:03,전주 월드컵,"10,620",213,주말
2023,K리그1,하나원큐 K리그1 2023,176,2023.9.16,인천,제주,2:01,인천 전용,"8,433",506,주말
2023,K리그1,하나원큐 K리그1 2023,177,2023.9.16,포항,수원FC,2:00,포항 스틸야드,"7,469",128,주말
2023,K리그1,하나원큐 K리그1 2023,178,2023.9.16,울산,대전,1:01,울산 문수,"17,237",886,주말
2023,K리그1,하나원큐 K리그1 2023,179,2023.9.17,서울,광주,0:01,서울 월드컵,"20,165",954,주말
2023,K리그1,하나원큐 K리그1 2023,180,2023.9.17,수원,대구,0:01,수원 월드컵,"11,048","1,276",주말
2023,K리그1,하나원큐 K리그1 2023,181,2023.9.23,대전,수원,3:01,대전 월드컵,"14,810","2,710",주말
2023,K리그1,하나원큐 K리그1 2023,182,2023.9.23,제주,서울,1:03,제주 월드컵,"7,205",819,주말
2023,K리그1,하나원큐 K리그1 2023,183,2023.9.24,수원FC,울산,2:03,수원 종합,"7,809","1,445",주말
2023,K리그1,하나원큐 K리그1 2023,184,2023.9.24,광주,전북,0:01,광주 전용,"7,303","1,420",주말
2023,K리그1,하나원큐 K리그1 2023,185,2023.9.24,강원,인천,1:01,강릉 종합,"10,047",651,주말
2023,K리그1,하나원큐 K리그1 2023,186,2023.9.24,대구,포항,0:00,대구iM뱅크PARK,"11,858",622,주말
2023,K리그1,하나원큐 K리그1 2023,187,2023.9.30,포항,울산,0:00,포항 스틸야드,"14,640","1,203",주말
2023,K리그1,하나원큐 K리그1 2023,188,2023.9.30,수원FC,서울,1:01,수원 종합,"7,194","1,700",주말
2023,K리그1,하나원큐 K리그1 2023,189,2023.9.30,전북,대구,1:03,전주 월드컵,"14,963","1,610",주말
2023,K리그1,하나원큐 K리그1 2023,190,2023.9.30,인천,수원,2:00,인천 전용,"15,040","2,120",주말
2023,K리그1,하나원큐 K리그1 2023,191,2023.10.1,강원,대전,1:01,강릉 종합,"9,326",887,주말
2023,K리그1,하나원큐 K리그1 2023,192,2023.10.1,제주,광주,1:02,제주 월드컵,"6,130",187,주말
2023,K리그1,하나원큐 K리그1 2023,193,2023.10.8,울산,인천,0:00,울산 문수,"17,584","1,022",주말
2023,K리그1,하나원큐 K리그1 2023,194,2023.10.8,대구,수원FC,2:02,대구iM뱅크PARK,"10,776",599,주말
2023,K리그1,하나원큐 K리그1 2023,195,2023.10.8,서울,전북,0:02,서울 월드컵,"33,103","4,405",주말
2023,K리그1,하나원큐 K리그1 2023,196,2023.10.8,수원,포항,1:00,수원 월드컵,"11,772","1,807",주말
2023,K리그1,하나원큐 K리그1 2023,197,2023.10.8,광주,강원,1:00,광주 전용,"6,004",303,주말
2023,K리그1,하나원큐 K리그1 2023,198,2023.10.8,대전,제주,1:00,대전 월드컵,"15,818","1,003",주말
2023,K리그1,하나원큐 K리그1 2023,199,2023.10.20,포항,인천,1:01,포항 스틸야드,"4,944",219,
2023,K리그1,하나원큐 K리그1 2023,200,2023.10.21,광주,울산,1:00,광주 전용,"5,553","1,005",주말
2023,K리그1,하나원큐 K리그1 2023,201,2023.10.21,대구,전북,1:02,대구iM뱅크PARK,"12,211",622,주말
2023,K리그1,하나원큐 K리그1 2023,202,2023.10.22,서울,강원,2:01,서울 월드컵,"11,638",770,주말
2023,K리그1,하나원큐 K리그1 2023,203,2023.10.22,제주,수원,2:00,제주 월드컵,"4,875",808,주말
2023,K리그1,하나원큐 K리그1 2023,204,2023.10.22,대전,수원FC,1:01,대전 월드컵,"9,474",363,주말
2023,K리그1,하나원큐 K리그1 2023,205,2023.10.28,전북,포항,1:01,전주 월드컵,"12,266",597,주말
2023,K리그1,하나원큐 K리그1 2023,206,2023.10.28,광주,인천,0:02,광주 전용,"4,723",377,주말
2023,K리그1,하나원큐 K리그1 2023,207,2023.10.28,강원,제주,1:01,강릉 종합,"5,256",55,주말
2023,K리그1,하나원큐 K리그1 2023,208,2023.10.29,울산,대구,2:00,울산 문수,"18,933","2,210",주말
2023,K리그1,하나원큐 K리그1 2023,209,2023.10.29,수원,대전,2:02,수원 월드컵,"11,658","1,762",주말
2023,K리그1,하나원큐 K리그1 2023,210,2023.10.29,수원FC,서울,3:04,수원 종합,"5,372","1,403",주말
2023,K리그1,하나원큐 K리그1 2023,211,2023.11.11,대전,강원,0:01,대전 월드컵,"8,000",335,주말
2023,K리그1,하나원큐 K리그1 2023,212,2023.11.11,대구,광주,1:01,대구iM뱅크PARK,"12,222",617,주말
2023,K리그1,하나원큐 K리그1 2023,213,2023.11.11,제주,서울,0:00,제주 월드컵,"6,039",334,주말
2023,K리그1,하나원큐 K리그1 2023,214,2023.11.12,인천,전북,1:01,인천 전용,"11,912","2,121",주말
2023,K리그1,하나원큐 K리그1 2023,215,2023.11.12,수원FC,수원,2:03,수원 종합,"8,886","2,000",주말
2023,K리그1,하나원큐 K리그1 2023,216,2023.11.12,울산,포항,3:02,울산 문수,"16,946","1,505",주말
2023,K리그1,하나원큐 K리그1 2023,217,2023.11.24,인천,울산,3:01,인천 전용,"7,601","1,302",
2023,K리그1,하나원큐 K리그1 2023,218,2023.11.25,전북,광주,2:00,전주 월드컵,"11,369","1,022",주말
2023,K리그1,하나원큐 K리그1 2023,219,2023.11.25,제주,대전,0:02,제주 월드컵,"4,713",265,주말
2023,K리그1,하나원큐 K리그1 2023,220,2023.11.25,포항,대구,1:00,포항 스틸야드,"9,541","1,808",주말
2023,K리그1,하나원큐 K리그1 2023,221,2023.11.25,서울,수원,0:01,서울 월드컵,"36,007","7,996",주말
2023,K리그1,하나원큐 K리그1 2023,222,2023.11.25,강원,수원FC,2:00,강릉 종합,"7,307",189,주말
2023,K리그1,하나원큐 K리그1 2023,223,2023.12.2,대전,서울,2:02,대전 월드컵,"10,176",883,주말
2023,K리그1,하나원큐 K리그1 2023,224,2023.12.2,수원FC,제주,1:01,수원 종합,"2,602",206,주말
2023,K리그1,하나원큐 K리그1 2023,225,2023.12.2,수원,강원,0:00,수원 월드컵,"24,932","3,398",주말
2023,K리그1,하나원큐 K리그1 2023,226,2023.12.3,울산,전북,1:00,울산 문수,"28,638","1,808",주말
2023,K리그1,하나원큐 K리그1 2023,227,2023.12.3,광주,포항,0:00,광주 전용,"5,817",443,주말
2023,K리그1,하나원큐 K리그1 2023,228,2023.12.3,대구,인천,2:01,대구iM뱅크PARK,"12,334",622,주말
2024,K리그1,하나은행 K리그1 2024,1,2024.3.1,울산,포항,1:00,울산 문수,"28,683","2,321",
2024,K리그1,하나은행 K리그1 2024,2,2024.3.1,전북,대전,1:01,전주 월드컵,"24,758","3,332",
2024,K리그1,하나은행 K리그1 2024,3,2024.3.2,광주,서울,2:00,광주 전용,"7,805","1,420",주말
2024,K리그1,하나은행 K리그1 2024,4,2024.3.2,인천,수원FC,0:01,인천 전용,"15,060","1,349",주말
2024,K리그1,하나은행 K리그1 2024,5,2024.3.2,강원,제주,1:01,춘천 송암,"6,021",215,주말
2024,K리그1,하나은행 K리그1 2024,6,2024.3.3,대구,김천,0:01,대구iM뱅크PARK,"12,133",622,주말
2024,K리그1,하나은행 K리그1 2024,7,2024.3.9,수원FC,전북,1:01,수원 종합,"9,557","2,100",주말
2024,K리그1,하나은행 K리그1 2024,8,2024.3.9,포항,대구,3:01,포항 스틸야드,"10,930","1,752",주말
2024,K리그1,하나은행 K리그1 2024,9,2024.3.9,김천,울산,2:03,김천 종합,"5,852","1,252",주말
2024,K리그1,하나은행 K리그1 2024,10,2024.3.10,제주,대전,3:01,제주 월드컵,"9,083",358,주말
2024,K리그1,하나은행 K리그1 2024,11,2024.3.10,광주,강원,4:02,광주 전용,"5,786",165,주말
2024,K리그1,하나은행 K리그1 2024,12,2024.3.10,서울,인천,0:00,서울 월드컵,"51,670","4,307",주말
2024,K리그1,하나은행 K리그1 2024,13,2024.3.16,대전,강원,1:01,대전 월드컵,"17,191",621,주말
2024,K리그1,하나은행 K리그1 2024,14,2024.3.16,대구,수원FC,1:01,대구iM뱅크PARK,"11,997",618,주말
2024,K리그1,하나은행 K리그1 2024,15,2024.3.16,서울,제주,2:00,서울 월드컵,"29,536","1,028",주말
2024,K리그1,하나은행 K리그1 2024,16,2024.3.17,포항,광주,1:00,포항 스틸야드,"9,203",368,주말
2024,K리그1,하나은행 K리그1 2024,17,2024.3.17,김천,전북,1:00,김천 종합,"4,300","1,247",주말
2024,K리그1,하나은행 K리그1 2024,18,2024.3.17,울산,인천,3:03,울산 문수,"15,233",422,주말
2024,K리그1,하나은행 K리그1 2024,19,2024.3.30,전북,울산,2:02,전주 월드컵,"25,782","2,618",주말
2024,K리그1,하나은행 K리그1 2024,20,2024.3.30,인천,대전,2:00,인천 전용,"11,581","1,402",주말
2024,K리그1,하나은행 K리그1 2024,21,2024.3.30,제주,포항,0:02,제주 월드컵,"6,036",254,주말
2024,K리그1,하나은행 K리그1 2024,22,2024.3.30,수원FC,김천,1:04,수원 종합,"6,145",147,주말
2024,K리그1,하나은행 K리그1 2024,23,2024.3.31,강원,서울,1:01,춘천 송암,"10,144","1,407",주말
2024,K리그1,하나은행 K리그1 2024,24,2024.3.31,광주,대구,1:02,광주 전용,"7,313",965,주말
2024,K리그1,하나은행 K리그1 2024,25,2024.4.2,포항,수원FC,1:01,포항 스틸야드,"5,143",50,
2024,K리그1,하나은행 K리그1 2024,26,2024.4.2,대전,울산,2:00,대전 월드컵,"7,927",788,
2024,K리그1,하나은행 K리그1 2024,27,2024.4.3,광주,인천,2:03,광주 전용,"1,562",169,
2024,K리그1,하나은행 K리그1 2024,28,2024.4.3,서울,김천,5:01,서울 월드컵,"13,040",188,
2024,K리그1,하나은행 K리그1 2024,29,2024.4.3,제주,전북,2:00,제주 월드컵,"3,426",553,
2024,K리그1,하나은행 K리그1 2024,30,2024.4.3,강원,대구,3:00,춘천 송암,"3,056",160,
2024,K리그1,하나은행 K리그1 2024,31,2024.4.6,울산,수원FC,3:00,울산 문수,"14,215",220,주말
2024,K리그1,하나은행 K리그1 2024,32,2024.4.6,인천,제주,0:01,인천 전용,"9,293",339,주말
2024,K리그1,하나은행 K리그1 2024,33,2024.4.6,김천,광주,2:01,김천 종합,"3,021",331,주말
2024,K리그1,하나은행 K리그1 2024,34,2024.4.7,전북,강원,2:03,전주 월드컵,"11,215",296,주말
2024,K리그1,하나은행 K리그1 2024,35,2024.4.7,대구,서울,0:00,대구iM뱅크PARK,"12,088",622,주말
2024,K리그1,하나은행 K리그1 2024,36,2024.4.7,대전,포항,1:02,대전 월드컵,"10,761",971,주말
2024,K리그1,하나은행 K리그1 2024,37,2024.4.13,전북,광주,2:01,전주 월드컵,"11,229",865,주말
2024,K리그1,하나은행 K리그1 2024,38,2024.4.13,서울,포항,2:04,서울 월드컵,"29,051","2,396",주말
2024,K리그1,하나은행 K리그1 2024,39,2024.4.13,울산,강원,4:00,울산 문수,"13,874",382,주말
2024,K리그1,하나은행 K리그1 2024,40,2024.4.13,제주,김천,0:02,제주 월드컵,"4,211",60,주말
2024,K리그1,하나은행 K리그1 2024,41,2024.4.14,수원FC,대전,1:00,수원 종합,"4,961",798,주말
2024,K리그1,하나은행 K리그1 2024,42,2024.4.14,인천,대구,1:01,인천 전용,"9,400",874,주말
2024,K리그1,하나은행 K리그1 2024,43,2024.5.15,광주,울산,2:01,광주 전용,"8,069","1,561",
2024,K리그1,하나은행 K리그1 2024,44,2024.4.20,수원FC,제주,2:01,수원 종합,"2,522",152,주말
2024,K리그1,하나은행 K리그1 2024,45,2024.4.20,포항,김천,0:00,포항 스틸야드,"7,673",144,주말
2024,K리그1,하나은행 K리그1 2024,46,2024.4.20,서울,전북,2:03,서울 월드컵,"28,048","4,296",주말
2024,K리그1,하나은행 K리그1 2024,47,2024.4.21,강원,인천,4:01,춘천 송암,"6,025",718,주말
2024,K리그1,하나은행 K리그1 2024,48,2024.4.21,대구,대전,0:00,대구iM뱅크PARK,"11,330",620,주말
2024,K리그1,하나은행 K리그1 2024,49,2024.4.27,대전,서울,3:01,대전 월드컵,"12,700","1,866",주말
2024,K리그1,하나은행 K리그1 2024,50,2024.4.27,광주,수원FC,1:02,광주 전용,"5,440",229,주말
2024,K리그1,하나은행 K리그1 2024,51,2024.4.27,김천,강원,1:00,김천 종합,"2,338",277,주말
2024,K리그1,하나은행 K리그1 2024,52,2024.4.28,포항,인천,0:00,포항 스틸야드,"7,564",380,주말
2024,K리그1,하나은행 K리그1 2024,53,2024.4.28,전북,대구,2:02,전주 월드컵,"13,642","1,071",주말
2024,K리그1,하나은행 K리그1 2024,54,2024.4.28,울산,제주,3:01,울산 문수,"20,253","1,769",주말
2024,K리그1,하나은행 K리그1 2024,55,2024.4.30,대전,김천,0:00,대전 월드컵,"4,974",98,
2024,K리그1,하나은행 K리그1 2024,56,2024.4.30,수원FC,서울,0:02,수원 종합,"7,570","1,371",
2024,K리그1,하나은행 K리그1 2024,57,2024.5.1,대구,울산,1:02,대구iM뱅크PARK,"11,466",622,
2024,K리그1,하나은행 K리그1 2024,58,2024.5.1,인천,전북,3:00,인천 전용,"10,094","2,116",
2024,K리그1,하나은행 K리그1 2024,59,2024.5.1,제주,광주,1:03,제주 월드컵,"4,502",192,
2024,K리그1,하나은행 K리그1 2024,60,2024.5.1,강원,포항,2:04,춘천 송암,"4,157",229,
2024,K리그1,하나은행 K리그1 2024,61,2024.5.4,서울,울산,0:01,서울 월드컵,"52,600","6,787",주말
2024,K리그1,하나은행 K리그1 2024,62,2024.5.4,포항,전북,1:00,포항 스틸야드,"13,002","1,416",주말
2024,K리그1,하나은행 K리그1 2024,63,2024.5.5,수원FC,강원,1:02,수원 종합,"3,008",572,주말
2024,K리그1,하나은행 K리그1 2024,64,2024.5.5,김천,인천,2:02,김천 종합,"2,651",507,주말
2024,K리그1,하나은행 K리그1 2024,65,2024.5.6,제주,대구,1:00,제주 월드컵,"10,033",479,
2024,K리그1,하나은행 K리그1 2024,66,2024.5.6,광주,대전,2:01,광주 전용,"4,221",648,
2024,K리그1,하나은행 K리그1 2024,67,2024.5.11,인천,서울,1:02,인천 전용,"14,435","2,116",주말
2024,K리그1,하나은행 K리그1 2024,68,2024.5.11,대구,광주,3:02,대구iM뱅크PARK,"11,967",622,주말
2024,K리그1,하나은행 K리그1 2024,69,2024.5.11,강원,대전,3:03,춘천 송암,"4,263",349,주말
2024,K리그1,하나은행 K리그1 2024,70,2024.5.12,전북,수원FC,2:03,전주 월드컵,"13,009",317,주말
2024,K리그1,하나은행 K리그1 2024,71,2024.5.12,울산,김천,2:02,울산 문수,"16,394",216,주말
2024,K리그1,하나은행 K리그1 2024,72,2024.5.12,포항,제주,1:01,포항 스틸야드,"9,577",76,주말
2024,K리그1,하나은행 K리그1 2024,73,2024.5.18,대전,인천,0:01,대전 월드컵,"10,535","1,046",주말
2024,K리그1,하나은행 K리그1 2024,74,2024.5.19,광주,전북,0:03,광주 전용,"8,091","1,562",주말
2024,K리그1,하나은행 K리그1 2024,75,2024.5.18,김천,제주,1:00,김천 종합,"2,279",113,주말
2024,K리그1,하나은행 K리그1 2024,76,2024.5.19,서울,대구,1:02,서울 월드컵,"27,365","1,840",주말
2024,K리그1,하나은행 K리그1 2024,77,2024.5.19,강원,울산,1:00,춘천 송암,"7,850",832,주말
2024,K리그1,하나은행 K리그1 2024,78,2024.5.19,수원FC,포항,1:00,수원 종합,"5,126",849,주말
2024,K리그1,하나은행 K리그1 2024,79,2024.5.25,전북,김천,0:00,전주 월드컵,"11,726",197,주말
2024,K리그1,하나은행 K리그1 2024,80,2024.5.25,울산,대전,4:01,울산 문수,"14,676",630,주말
2024,K리그1,하나은행 K리그1 2024,81,2024.5.25,포항,서울,2:02,포항 스틸야드,"13,467","1,130",주말
2024,K리그1,하나은행 K리그1 2024,82,2024.5.25,인천,광주,1:01,인천 전용,"9,107",816,주말
2024,K리그1,하나은행 K리그1 2024,83,2024.5.26,대구,강원,1:02,대구iM뱅크PARK,"11,977",621,주말
2024,K리그1,하나은행 K리그1 2024,84,2024.5.26,제주,수원FC,1:00,제주 월드컵,"3,052",128,주말
2024,K리그1,하나은행 K리그1 2024,85,2024.5.28,광주,포항,0:01,광주 전용,"2,687",160,
2024,K리그1,하나은행 K리그1 2024,86,2024.5.28,김천,서울,0:00,김천 종합,"3,372",328,
2024,K리그1,하나은행 K리그1 2024,87,2024.5.29,인천,울산,1:01,인천 전용,"8,413","1,975",
2024,K리그1,하나은행 K리그1 2024,88,2024.5.29,대전,제주,0:01,대전 월드컵,"4,759",0,
2024,K리그1,하나은행 K리그1 2024,89,2024.5.29,수원FC,대구,2:00,수원 종합,"2,328",362,
2024,K리그1,하나은행 K리그1 2024,90,2024.5.29,강원,전북,2:01,춘천 송암,"6,125",429,
2024,K리그1,하나은행 K리그1 2024,91,2024.6.1,울산,전북,1:00,울산 문수,"29,007","3,558",주말
2024,K리그1,하나은행 K리그1 2024,92,2024.6.1,수원FC,인천,3:01,수원 종합,"7,511","1,636",주말
2024,K리그1,하나은행 K리그1 2024,93,2024.6.1,김천,포항,3:01,김천 종합,"4,574","1,121",주말
2024,K리그1,하나은행 K리그1 2024,94,2024.6.2,대전,대구,1:00,대전 월드컵,"9,649","2,023",주말
2024,K리그1,하나은행 K리그1 2024,95,2024.6.2,제주,강원,1:02,제주 월드컵,"6,534",273,주말
2024,K리그1,하나은행 K리그1 2024,96,2024.6.2,서울,광주,1:02,서울 월드컵,"21,100",903,주말
2024,K리그1,하나은행 K리그1 2024,97,2024.6.15,포항,대전,1:01,포항 스틸야드,"8,422",694,주말
2024,K리그1,하나은행 K리그1 2024,98,2024.6.15,광주,김천,2:00,광주 전용,"4,561",144,주말
2024,K리그1,하나은행 K리그1 2024,99,2024.6.15,강원,수원FC,3:01,춘천 송암,"9,704",767,주말
2024,K리그1,하나은행 K리그1 2024,100,2024.6.16,울산,서울,2:02,울산 문수,"23,856","1,198",주말
2024,K리그1,하나은행 K리그1 2024,101,2024.6.16,전북,인천,2:02,전주 월드컵,"11,477",672,주말
2024,K리그1,하나은행 K리그1 2024,102,2024.6.16,대구,제주,1:00,대구iM뱅크PARK,"9,885",194,주말
2024,K리그1,하나은행 K리그1 2024,103,2024.6.22,대구,전북,3:00,대구iM뱅크PARK,"10,540",622,주말
2024,K리그1,하나은행 K리그1 2024,104,2024.6.22,대전,광주,2:01,대전 월드컵,"7,350",777,주말
2024,K리그1,하나은행 K리그1 2024,105,2024.6.22,강원,김천,2:03,강릉 종합,"11,578",104,주말
2024,K리그1,하나은행 K리그1 2024,106,2024.6.22,서울,수원FC,3:00,서울 월드컵,"25,157","1,119",주말
2024,K리그1,하나은행 K리그1 2024,107,2024.6.23,인천,포항,1:03,인천 전용,"8,198",859,주말
2024,K리그1,하나은행 K리그1 2024,108,2024.6.23,제주,울산,2:03,제주 월드컵,"6,557",857,주말
2024,K리그1,하나은행 K리그1 2024,109,2024.6.25,수원FC,광주,1:00,수원 종합,"3,596",235,
2024,K리그1,하나은행 K리그1 2024,110,2024.6.25,김천,대전,2:00,김천 종합,"1,925",437,
2024,K리그1,하나은행 K리그1 2024,111,2024.6.26,울산,대구,1:00,울산 문수,"10,273",731,
2024,K리그1,하나은행 K리그1 2024,112,2024.6.26,전북,포항,1:01,전주 월드컵,"6,546",246,
2024,K리그1,하나은행 K리그1 2024,113,2024.6.26,서울,강원,2:00,서울 월드컵,"13,303",782,
2024,K리그1,하나은행 K리그1 2024,114,2024.6.26,제주,인천,1:00,제주 월드컵,"3,044",377,
2024,K리그1,하나은행 K리그1 2024,115,2024.6.29,김천,대구,2:00,김천 종합,"3,832","1,799",주말
2024,K리그1,하나은행 K리그1 2024,116,2024.6.29,전북,서울,1:05,전주 월드컵,"12,508","1,824",주말
2024,K리그1,하나은행 K리그1 2024,117,2024.6.29,대전,수원FC,0:02,대전 월드컵,"5,290",319,주말
2024,K리그1,하나은행 K리그1 2024,118,2024.6.30,포항,울산,2:01,포항 스틸야드,"13,079","1,130",주말
2024,K리그1,하나은행 K리그1 2024,119,2024.6.30,광주,제주,2:01,광주 전용,"2,389",100,주말
2024,K리그1,하나은행 K리그1 2024,120,2024.6.30,인천,강원,0:01,인천 전용,"6,164",663,주말
2024,K리그1,하나은행 K리그1 2024,121,2024.7.5,인천,김천,1:01,인천 전용,"7,012",170,
2024,K리그1,하나은행 K리그1 2024,122,2024.7.5,수원FC,울산,1:01,수원 종합,"7,378","1,626",
2024,K리그1,하나은행 K리그1 2024,123,2024.7.6,제주,서울,3:02,제주 월드컵,"12,409","1,779",주말
2024,K리그1,하나은행 K리그1 2024,124,2024.7.6,대구,포항,3:03,대구iM뱅크PARK,"11,881",622,주말
2024,K리그1,하나은행 K리그1 2024,125,2024.7.7,대전,전북,2:02,대전 월드컵,"10,378","2,964",주말
2024,K리그1,하나은행 K리그1 2024,126,2024.7.7,강원,광주,2:00,강릉 종합,"10,334",120,주말
2024,K리그1,하나은행 K리그1 2024,127,2024.7.9,대구,인천,0:00,대구iM뱅크PARK,"7,152",218,
2024,K리그1,하나은행 K리그1 2024,128,2024.7.9,김천,수원FC,2:03,김천 종합,"1,085",66,
2024,K리그1,하나은행 K리그1 2024,129,2024.7.10,울산,광주,0:01,울산 문수,"9,444",122,
2024,K리그1,하나은행 K리그1 2024,130,2024.7.10,포항,강원,2:00,포항 스틸야드,"5,287",163,
2024,K리그1,하나은행 K리그1 2024,131,2024.7.10,전북,제주,2:01,전주 월드컵,"5,560",124,
2024,K리그1,하나은행 K리그1 2024,132,2024.7.10,서울,대전,2:01,서울 월드컵,"15,037",872,
2024,K리그1,하나은행 K리그1 2024,133,2024.7.13,울산,서울,1:00,울산 문수,"21,064","1,826",주말
2024,K리그1,하나은행 K리그1 2024,134,2024.7.13,대전,강원,1:01,대전 월드컵,"7,147",791,주말
2024,K리그1,하나은행 K리그1 2024,135,2024.7.13,제주,포항,2:01,제주 월드컵,"4,412",416,주말
2024,K리그1,하나은행 K리그1 2024,136,2024.7.14,광주,인천,0:02,광주 전용,"2,969",251,주말
2024,K리그1,하나은행 K리그1 2024,137,2024.7.14,수원FC,대구,2:02,수원 종합,"5,594",554,주말
2024,K리그1,하나은행 K리그1 2024,138,2024.7.14,김천,전북,4:00,김천 종합,"3,524","1,069",주말
2024,K리그1,하나은행 K리그1 2024,139,2024.7.20,전북,울산,2:00,전주 월드컵,"18,573","3,035",주말
2024,K리그1,하나은행 K리그1 2024,140,2024.7.20,강원,제주,4:00,강릉 종합,"10,710",129,주말
2024,K리그1,하나은행 K리그1 2024,141,2024.7.21,인천,수원FC,1:04,인천 전용,"10,303",687,주말
2024,K리그1,하나은행 K리그1 2024,142,2024.7.21,대구,광주,0:01,대구iM뱅크PARK,"10,721",318,주말
2024,K리그1,하나은행 K리그1 2024,143,2024.7.21,서울,김천,1:00,서울 월드컵,"18,577",370,주말
2024,K리그1,하나은행 K리그1 2024,144,2024.7.21,대전,포항,1:02,대전 월드컵,"6,635","1,003",주말
2024,K리그1,하나은행 K리그1 2024,145,2024.7.26,제주,울산,1:00,제주 월드컵,"7,346","1,011",
2024,K리그1,하나은행 K리그1 2024,146,2024.7.26,강원,전북,4:02,강릉 종합,"12,272","1,000",
2024,K리그1,하나은행 K리그1 2024,147,2024.7.27,광주,수원FC,1:00,광주 전용,"4,239",245,주말
2024,K리그1,하나은행 K리그1 2024,148,2024.7.27,대구,대전,1:01,대구iM뱅크PARK,"11,373",622,주말
2024,K리그1,하나은행 K리그1 2024,149,2024.7.27,인천,서울,0:01,인천 전용,"15,213","2,122",주말
2024,K리그1,하나은행 K리그1 2024,150,2024.7.28,포항,김천,1:02,포항 스틸야드,"13,234",833,주말
2024,K리그1,하나은행 K리그1 2024,151,2024.8.9,전북,광주,0:01,전주 월드컵,"15,178",868,
2024,K리그1,하나은행 K리그1 2024,152,2024.8.9,김천,강원,1:02,김천 종합,"3,402",588,
2024,K리그1,하나은행 K리그1 2024,153,2024.8.10,울산,대구,1:00,울산 문수,"17,372","1,996",주말
2024,K리그1,하나은행 K리그1 2024,154,2024.8.10,제주,인천,0:01,제주 월드컵,"6,271",453,주말
2024,K리그1,하나은행 K리그1 2024,155,2024.8.10,수원FC,대전,1:02,수원 종합,"5,223",945,주말
2024,K리그1,하나은행 K리그1 2024,156,2024.8.11,포항,서울,1:02,포항 스틸야드,"10,719","1,089",주말
2024,K리그1,하나은행 K리그1 2024,157,2024.8.16,대구,김천,3:00,대구iM뱅크PARK,"9,817",374,
2024,K리그1,하나은행 K리그1 2024,158,2024.8.16,서울,제주,1:00,서울 월드컵,"18,029",477,
2024,K리그1,하나은행 K리그1 2024,159,2024.8.17,전북,포항,2:01,전주 월드컵,"14,814","1,256",주말
2024,K리그1,하나은행 K리그1 2024,160,2024.8.17,대전,인천,2:01,대전 월드컵,"8,618","1,590",주말
2024,K리그1,하나은행 K리그1 2024,161,2024.8.18,울산,수원FC,1:02,울산 문수,"13,204",165,주말
2024,K리그1,하나은행 K리그1 2024,162,2024.8.18,강원,광주,3:02,강릉 종합,"13,170",379,주말
2024,K리그1,하나은행 K리그1 2024,163,2024.8.24,포항,대구,1:02,포항 스틸야드,"10,691","1,130",주말
2024,K리그1,하나은행 K리그1 2024,164,2024.8.24,인천,전북,0:01,인천 전용,"15,422","2,122",주말
2024,K리그1,하나은행 K리그1 2024,165,2024.8.24,서울,강원,2:00,서울 월드컵,"34,086","3,749",주말
2024,K리그1,하나은행 K리그1 2024,166,2024.8.25,광주,울산,0:01,광주 전용,"5,081",721,주말
2024,K리그1,하나은행 K리그1 2024,167,2024.8.25,수원FC,제주,5:00,수원 종합,"3,275",201,주말
2024,K리그1,하나은행 K리그1 2024,168,2024.8.25,김천,대전,2:02,김천 종합,"3,261","1,028",주말
2024,K리그1,하나은행 K리그1 2024,169,2024.8.31,울산,포항,5:04,울산 문수,"22,106","2,551",주말
2024,K리그1,하나은행 K리그1 2024,170,2024.8.31,대구,인천,1:02,대구iM뱅크PARK,"11,994",622,주말
2024,K리그1,하나은행 K리그1 2024,171,2024.9.1,제주,김천,1:00,제주 월드컵,"5,469",152,주말
2024,K리그1,하나은행 K리그1 2024,172,2024.9.1,전북,서울,0:00,전주 월드컵,"22,749","1,918",주말
2024,K리그1,하나은행 K리그1 2024,173,2024.9.1,대전,광주,2:00,대전 월드컵,"7,445",615,주말
2024,K리그1,하나은행 K리그1 2024,174,2024.9.1,강원,수원FC,2:02,강릉 종합,"12,292",290,주말
2024,K리그1,하나은행 K리그1 2024,175,2024.9.13,울산,강원,2:00,울산 문수,"22,010",596,
2024,K리그1,하나은행 K리그1 2024,176,2024.9.13,광주,포항,2:01,광주 전용,"3,136",350,
2024,K리그1,하나은행 K리그1 2024,177,2024.9.14,서울,대전,2:03,서울 월드컵,"26,790","2,038",주말
2024,K리그1,하나은행 K리그1 2024,178,2024.9.14,제주,대구,0:04,제주 월드컵,"7,746",481,주말
2024,K리그1,하나은행 K리그1 2024,179,2024.9.14,수원FC,전북,0:06,수원 종합,"9,136","2,076",주말
2024,K리그1,하나은행 K리그1 2024,180,2024.9.15,김천,인천,2:00,김천 종합,"3,315",662,주말
2024,K리그1,하나은행 K리그1 2024,181,2024.9.21,수원FC,김천,2:04,수원 종합,"3,059",162,주말
2024,K리그1,하나은행 K리그1 2024,182,2024.9.21,대구,서울,1:01,대구iM뱅크PARK,"11,837",622,주말
2024,K리그1,하나은행 K리그1 2024,183,2024.9.22,포항,강원,2:01,포항 스틸야드,"9,427",845,주말
2024,K리그1,하나은행 K리그1 2024,184,2024.9.22,광주,제주,0:02,광주 전용,"3,468",110,주말
2024,K리그1,하나은행 K리그1 2024,185,2024.9.22,인천,울산,0:00,인천 전용,"13,888","2,100",주말
2024,K리그1,하나은행 K리그1 2024,186,2024.9.22,대전,전북,0:00,대전 월드컵,"18,473","5,048",주말
2024,K리그1,하나은행 K리그1 2024,187,2024.9.27,포항,인천,1:00,포항 스틸야드,"6,332",331,
2024,K리그1,하나은행 K리그1 2024,188,2024.9.27,대전,울산,0:01,대전 월드컵,"11,219","1,885",
2024,K리그1,하나은행 K리그1 2024,189,2024.9.28,강원,대구,1:01,강릉 종합,"12,677",939,주말
2024,K리그1,하나은행 K리그1 2024,190,2024.9.28,전북,제주,2:01,전주 월드컵,"21,386",356,주말
2024,K리그1,하나은행 K리그1 2024,191,2024.9.28,김천,광주,2:00,김천 종합,"3,238",210,주말
2024,K리그1,하나은행 K리그1 2024,192,2024.9.29,서울,수원FC,1:00,서울 월드컵,"31,037","1,111",주말
2024,K리그1,하나은행 K리그1 2024,193,2024.10.6,울산,김천,2:01,울산 문수,"24,417",639,주말
2024,K리그1,하나은행 K리그1 2024,194,2024.10.6,광주,서울,3:01,광주 전용,"6,357","1,234",주말
2024,K리그1,하나은행 K리그1 2024,195,2024.10.6,대구,전북,4:03,대구iM뱅크PARK,"12,072",622,주말
2024,K리그1,하나은행 K리그1 2024,196,2024.10.6,인천,강원,1:03,인천 전용,"14,434","2,119",주말
2024,K리그1,하나은행 K리그1 2024,197,2024.10.6,제주,대전,2:01,제주 월드컵,"6,766",585,주말
2024,K리그1,하나은행 K리그1 2024,198,2024.10.6,포항,수원FC,1:01,포항 스틸야드,"9,513",246,주말
2024,K리그1,하나은행 K리그1 2024,199,2024.10.18,포항,수원FC,1:01,포항 스틸야드,"4,611",67,
2024,K리그1,하나은행 K리그1 2024,200,2024.10.18,광주,대구,1:01,광주 전용,"2,447",658,
2024,K리그1,하나은행 K리그1 2024,201,2024.10.19,전북,대전,0:02,전주 월드컵,"18,261","2,189",주말
2024,K리그1,하나은행 K리그1 2024,202,2024.10.19,김천,울산,0:00,김천 종합,"5,636","2,348",주말
2024,K리그1,하나은행 K리그1 2024,203,2024.10.19,인천,제주,1:02,인천 전용,"7,138",325,주말
2024,K리그1,하나은행 K리그1 2024,204,2024.10.20,강원,서울,1:00,강릉 종합,"12,742","1,000",주말
2024,K리그1,하나은행 K리그1 2024,205,2024.10.26,강원,김천,1:00,강릉 종합,"9,383",107,주말
2024,K리그1,하나은행 K리그1 2024,206,2024.10.26,수원FC,서울,0:01,수원 종합,"7,971","2,076",주말
2024,K리그1,하나은행 K리그1 2024,207,2024.10.27,포항,울산,0:02,포항 스틸야드,"13,212","1,127",주말
2024,K리그1,하나은행 K리그1 2024,208,2024.10.27,대전,대구,1:00,대전 월드컵,"13,405","3,405",주말
2024,K리그1,하나은행 K리그1 2024,209,2024.10.27,인천,광주,1:00,인천 전용,"8,257",631,주말
2024,K리그1,하나은행 K리그1 2024,210,2024.10.27,제주,전북,1:00,제주 월드컵,"6,376",941,주말
2024,K리그1,하나은행 K리그1 2024,211,2024.11.1,울산,강원,2:01,울산 종합,"13,438",724,
2024,K리그1,하나은행 K리그1 2024,212,2024.11.2,전북,인천,0:00,전주 월드컵,"18,244","2,516",주말
2024,K리그1,하나은행 K리그1 2024,213,2024.11.2,서울,포항,1:01,서울 월드컵,"29,377","1,435",주말
2024,K리그1,하나은행 K리그1 2024,214,2024.11.2,김천,수원FC,1:00,김천 종합,"1,910",197,주말
2024,K리그1,하나은행 K리그1 2024,215,2024.11.2,광주,대전,0:00,광주 전용,"4,666","1,254",주말
2024,K리그1,하나은행 K리그1 2024,216,2024.11.3,대구,제주,2:02,대구iM뱅크PARK,"11,940",622,주말
2024,K리그1,하나은행 K리그1 2024,217,2024.11.9,수원FC,강원,4:00,수원 종합,"6,778","1,986",주말
2024,K리그1,하나은행 K리그1 2024,218,2024.11.10,서울,울산,1:01,서울 월드컵,"37,288","2,955",주말
2024,K리그1,하나은행 K리그1 2024,219,2024.11.10,포항,김천,0:03,포항 스틸야드,"8,632",283,주말
2024,K리그1,하나은행 K리그1 2024,220,2024.11.10,인천,대전,1:02,인천 전용,"14,633","2,119",주말
2024,K리그1,하나은행 K리그1 2024,221,2024.11.10,제주,광주,0:00,제주 월드컵,"7,651",116,주말
2024,K리그1,하나은행 K리그1 2024,222,2024.11.10,전북,대구,3:01,전주 월드컵,"18,985","2,516",주말
2024,K리그1,하나은행 K리그1 2024,223,2024.11.23,울산,수원FC,4:02,울산 문수,"24,096",416,주말
2024,K리그1,하나은행 K리그1 2024,224,2024.11.23,김천,서울,1:03,김천 종합,"5,943","1,937",주말
2024,K리그1,하나은행 K리그1 2024,225,2024.11.23,강원,포항,1:00,강릉 종합,"11,426",553,주말
2024,K리그1,하나은행 K리그1 2024,226,2024.11.24,광주,전북,1:01,광주 전용,"7,957","1,420",주말
2024,K리그1,하나은행 K리그1 2024,227,2024.11.24,대구,인천,1:03,대구iM뱅크PARK,"11,812",615,주말
2024,K리그1,하나은행 K리그1 2024,228,2024.11.24,대전,제주,2:01,대전 월드컵,"12,743",485,주말